source,query,domain,url,created_utc,title,text
gnews,beauty trend,news.google.com,https://news.google.com/rss/articles/CBMiiAFBVV95cUxOVWpWVVVPY0JYWW5fcm5qRlpSRVRja1VFS2VNRXp3aGVud3QxUVdzTElqWHN4YUpKUEl1WkMyLU80TFlwQmpNQzNZcVFGWjFwOGFPM045M002cTVFcGdrVFctWENpSUo3Uk9WQXdibmNjQ05MNU50ME9wSkt3RFVva3dzNVFobUxJ?oc=5,1763160876,Korean Beauty Trends Are Going to Look Different in 2026 - ELLE,Korean Beauty Trends Are Going to Look Different in 2026 - ELLE
gnews,beauty trend,news.google.com,https://news.google.com/rss/articles/CBMijAFBVV95cUxPek1WdkZxcTJXaHhXUUh4eHNMdGhnV29lejN1Sll4cU5WVXQ1TFpnZHg3QXA1U0lJbGU1UEl5VnF3RThOa3paUlhXblNGVURGS21UNkxMR1BJWTl3ai1xMy0zanNaNk93OE9qSmNPMHV1TTZzcEFRZDhWZWZYUWhfUHVlMDgwNEZsZ3EyUg?oc=5,1763211647,Mistletoe Makeup: The Hottest Holiday Beauty Trend - Rolling Out,Mistletoe Makeup: The Hottest Holiday Beauty Trend - Rolling Out
gnews,beauty trend,news.google.com,https://news.google.com/rss/articles/CBMimgFBVV95cUxPZ21WWVBEREhjbzYwajNpVk9heTZSandFcmRtYlJkb2VtMUNXMEIzRzM3VHEwR2czN1BXSXVSUzd2WTBRNmRaM0ZwUHVnbF9PZl9ETkVpLTVaaXItM0ZFUjM0TnRVajFsdWRmSmM2SXByYmhMMFNOYXdwM2N3czJHemZyWEJocU9XN2pJcnhVN2xtZUZEYnZ4QldR?oc=5,1763125200,"Tomato, strawberry, glazed donut : why is every beauty trend named after a food? - Culted","Tomato, strawberry, glazed donut : why is every beauty trend named after a food? - Culted"
gnews,beauty trend,news.google.com,https://news.google.com/rss/articles/CBMifkFVX3lxTE5MdzY2UU9jU0ROblVLc0RPS1lneXFfci1ISHV3eDB1LUlNdFkxQ0Vycmk5cHQzVDV5dHMzYzVfVEt2ZmFSR3ZQZk8tVTlMUF80T2owZjdELXJVUG84NTVfZ2YzdzF2SzVBcmNCOEx3eGZmSlgwU01MVWM4V21Jdw?oc=5,1762972190,"This Winter, the Glossy Skin Era Is Ending—Meet Its Chic Successor - Marie Claire","This Winter, the Glossy Skin Era Is Ending—Meet Its Chic Successor - Marie Claire"
gnews,beauty trend,news.google.com,https://news.google.com/rss/articles/CBMicEFVX3lxTE96eFRtR1g5NG15VmJxdk9GX3B1V1FJdWRDdkJPb1pHMWk3d2pwMV81WFBURlJxaHRadVZTWUFKR1VSc21KX1lyVTUxa2NSa05nRmxUU1FRb1hFVWNvc2hDZ25YYUQ0Y09jMzNhLTZuWGk?oc=5,1762249794,The Vogue Business Beauty Trend Tracker - Vogue,The Vogue Business Beauty Trend Tracker - Vogue
gnews,beauty trend,news.google.com,https://news.google.com/rss/articles/CBMibkFVX3lxTE50eWVRTGRMWDJ2SzNsVFZfVDlDN1VMN1NQU2ZqOTRyYU1CUnMydnJneXFCeUhmeUR5Z2twZnhxMjNtZ0R0NTVPeE1nb20xRC1RbHlOajdzbXB3aUx6Zlc4eXhMbmEzZ0FnWFRZcHdB?oc=5,1762905600,Winter 2025/2026 Beauty Trends You'll Want To Try ASAP - women.com,Winter 2025/2026 Beauty Trends You'll Want To Try ASAP - women.com
gnews,beauty trend,news.google.com,https://news.google.com/rss/articles/CBMiZEFVX3lxTE9sQWFiWUxyaGpIYVdHNVFvTzJqSTB4WGRCR0E2YVowRGVpQjBrN0I1eUYwcEVndWpjV0ZKTWprbS05MEZ6azBCWUFOUHRCRzZvQzdPcmZhbE84MVg1MnlHQTZVTWo?oc=5,1763067283,Winter’s Biggest Makeup Trends Are High-Impact With Minimal Effort - Allure,Winter’s Biggest Makeup Trends Are High-Impact With Minimal Effort - Allure
gnews,beauty trend,news.google.com,https://news.google.com/rss/articles/CBMiZkFVX3lxTE5FU0V4MFpDNy00eUNTSHZQLXR0YlFFXy0zSFVyQ0JHb1pMV1NZWUdxZ0pQZW5uUmNlM2xuMkh3QlY0MGRqYVhBOHpER0ZUdmQ0YzZZa2Fhdjd4XzQzamEzQmdVa1BhZw?oc=5,1763134906,PinkPantheress Heard Plaid Was Back For Fall & Made It A Beauty Trend - nylon.com,PinkPantheress Heard Plaid Was Back For Fall & Made It A Beauty Trend - nylon.com
gnews,beauty trend,news.google.com,https://news.google.com/rss/articles/CBMiY0FVX3lxTE5HUFd3RHpoMXhTSTU4aWc0blNXY0VfX1VabzUzTG5uN0Rpa01pNllEazM1MVhRV1ZLaWVHMUwtRjZNcW5VS3R4aFdtekVRdmQ1ZUFxQVRORloxcDRtNFdMdHB4RQ?oc=5,1761807600,"9 Beauty Trends You’re About to See Everywhere In 2025, According to Experts - Real Simple","9 Beauty Trends You’re About to See Everywhere In 2025, According to Experts - Real Simple"
gnews,beauty trend,news.google.com,https://news.google.com/rss/articles/CBMigAFBVV95cUxOOW1NUTNWQjdBNk5UWmVCc2RBVmRWYTBzcGptMmRBTlp6OUxhRmhuZE5hVWI2d0VZRVJ5RkRJbTZsQUc4VUdZdFlqYm5Fb21Ia3doaFU0ajNmR2VtTlBnM0ozNUk1WE5MeEdnenJxWUJjdmNGcVQtVEhtQ25BcEpQLQ?oc=5,1763118013,TikTok Wants You to Look Drunk With Blush - Hypebae,TikTok Wants You to Look Drunk With Blush - Hypebae
gnews,beauty trend,news.google.com,https://news.google.com/rss/articles/CBMihAFBVV95cUxQd3pGdmFNX1VFS1RnajFhNkhWSXduSS1PMmlGcFFlay1MLTVmVVd0VmJvRVNDcktIa3ZJbkZCYzNtd2pVRjl2YkJmNWd0bDVEUDQzUGplZlprc3dhZWxhWThQR0RzZk0zZFJBeVdwMkxxV1Q5TVZqWWN3YTg4cmVDVDJRdjc?oc=5,1760425200,"The 14 Best Beauty Trends for Spring 2026, According to the Runways - Harper's BAZAAR","The 14 Best Beauty Trends for Spring 2026, According to the Runways - Harper's BAZAAR"
gnews,beauty trend,news.google.com,https://news.google.com/rss/articles/CBMiakFVX3lxTE1CbGh1TDRLUHBLN0ZWOTBrMlhwandtSDNldXZxazJtNkEzbGZFZHc3c1NKWnFWVjdndWRqMVFmaEl3S2xrc3pGRkpKOHVQdTQ2WTFaT3htUzJNVzZlZGlidW52WFRuLXQ4WFE?oc=5,1762884324,A Softer Take On The Y2K Frosted Eye Will Be Everywhere This Winter - Bustle,A Softer Take On The Y2K Frosted Eye Will Be Everywhere This Winter - Bustle
gnews,beauty trend,news.google.com,https://news.google.com/rss/articles/CBMitAFBVV95cUxNU0trUm5kZXIyOWpSYmMtdEpGR1ZHVGNDQWlXbndlUnBSeXdqbU1SRVA1X2g4WHNrbVI5Rmp1NmZIenJiN1pqOFRsYjRxWmEzVkt6akJ6RE9nQ0ZRU2Uxc0NFNzQ2NWZaRmVrU2lRVHhLYXptcjBOUmdjUTltWUJ3Z0R0TzlTcWxBbDVfU3dFWDVrUFFERE1pYXJQenZiTFU3dFV1MUxPRmhoSUJfSjRlUDlpWVc?oc=5,1762977278,Budget-friendly beauty: Affordable swaps for viral wellness trends - ConsumerAffairs,Budget-friendly beauty: Affordable swaps for viral wellness trends - ConsumerAffairs
gnews,beauty trend,news.google.com,https://news.google.com/rss/articles/CBMif0FVX3lxTFA1LVktSFM5TWcteVU2TnJYRWU5MERPMFJhN3pHTHZuY0pJenhBYlFFaG15Ui1yWE1YMHpnZFZQVmY3eWFBUzZIQ3B0NU1uanVmdmxtUV9na3hiczEwNzVybkhFcUlJdTg4eDFRQlZYYkNVbjhfODIwTFlGZVg3Mlk?oc=5,1762803000,Icy Blue Makeup Is Trending: These 8 Products Will Create the Look - E! News,Icy Blue Makeup Is Trending: These 8 Products Will Create the Look - E! News
gnews,beauty trend,news.google.com,https://news.google.com/rss/articles/CBMiigFBVV95cUxNTnRhb1BfMzRUaGliY1c1VzRfNHg2NGlXREtKcEs1SGNwNlVkLXJxb2dvT0UybzhYOFY5TnZ0d2V5ZndicWZJS2s2MHR2cHlUNkc5alFzcHhMejNfQjlEZkI0VXd1LWVEVndLaENvV3NTbmdMaVByVHNVMmM1OThvWWVvSG9VaXFzMlE?oc=5,1762416000,"I Flew 6,000 Miles to Discover the Biggest Trends in K-Beauty—These 7 Are Standouts in Seoul Right Now - Cosmopolitan","I Flew 6,000 Miles to Discover the Biggest Trends in K-Beauty—These 7 Are Standouts in Seoul Right Now - Cosmopolitan"
gnews,beauty trend,news.google.com,https://news.google.com/rss/articles/CBMiqwFBVV95cUxNSG9MTlk4RWJzcFdxc084eWtnNEdGTl9VUEJKbW94cS0wYl9UbmNOSncwdklXdG9UR3dydllDQjh0MjN4MjA4bURvNWxfY3JndFp3a29mNXg3dWdReGE3X1hFTmZiUUwwNnpteVV4S1YySENKdWdXck1CRlpwd1hlaDdSa05ocWZ5Z3llU2x6LTZ1NjFBamZ0alhWUFplUUJncU5HODdWUHc5NGc?oc=5,1763107456,What’s trending: Top stories on APAC beauty market and consumer insights - Cosmetics Design Asia,What’s trending: Top stories on APAC beauty market and consumer insights - Cosmetics Design Asia
gnews,beauty trend,news.google.com,https://news.google.com/rss/articles/CBMijwFBVV95cUxNWlp4YXBnNkxoNHNFel9GUTZQdElrQ1kwY0lZb2xob1hOQ1JZY1ZHbDlpUVRUUWpXUGRlSUdsZ0tjTDI0bWg5aGlBa2RtdU5OUzdJYU1NS3llcms1bFE4YmpYdFVtaURVSnpvZHJqU0otWUhMRFB3SW1acjhfZmNCZ1pjR3hYOGlUNHpsMzZBdw?oc=5,1763161181,It’s Official: Frosty Lips Are Back for Winter 2025 - ELLE,It’s Official: Frosty Lips Are Back for Winter 2025 - ELLE
gnews,beauty trend,news.google.com,https://news.google.com/rss/articles/CBMihAFBVV95cUxNREZQN0hla3VsaE1sSWw1VkpCMDA3Z0tQbFBxazNmT2c2Z2oxemYyVGxiUTlQRXExcndOdU5yTlJkT3hKQUNJakNUS0g4bG1tbWUzSjRjOHo5YkxvdmhZa05rUkNLQnZkTDA2ZFVjQVdnQjdyUE5FSkpOQU1MWmRzVFRsRm4?oc=5,1763052594,Soft Copper Is Fall's Prettiest Hair Colour Trend - ELLE Canada Magazine,Soft Copper Is Fall's Prettiest Hair Colour Trend - ELLE Canada Magazine
gnews,beauty trend,news.google.com,https://news.google.com/rss/articles/CBMiiwFBVV95cUxQdDNidE9ZSDJGc1VLaU1RRG5Qdl83YUFCNS11ajNJTlhqNDVfbVlCSVllZm5KYkhqbTRuY244a1JHV3hodnd3TFJEclFFdUhZVnBGaDh6WHM0cHpjcHRHOWE4Wk9CRkZHT05rU2JHb1V0SEF5SmZFMHR4QUdKdExGVFAza3lJMmVkc3Vn?oc=5,1761807600,"This Controversial 1990s Beauty Trend Might Be Coming Back, And We're Scared - Southern Living","This Controversial 1990s Beauty Trend Might Be Coming Back, And We're Scared - Southern Living"
gnews,beauty trend,news.google.com,https://news.google.com/rss/articles/CBMiigFBVV95cUxQbWFaR3ktSVlScFJucmJZUXNYNFF4Y1VnbThzbV9HcGlWenZ5am5xMHNLTGpuWW1pSXN2cGN5UTVVcVYwVkpNaUppLVRIX0YzSFN2NjRBQUNoQnVGTHppTUxwS0xqQjZaa3Vkclo0WTgwODAyellMUmRqMzZ6VV9MbHJSMmJXYlFUaVE?oc=5,1761548400,Is 2016 Makeup Back for Good? - Hypebae,Is 2016 Makeup Back for Good? - Hypebae
gnews,beauty trend,news.google.com,https://news.google.com/rss/articles/CBMijgFBVV95cUxNdGZpSGhIRGlQaFNmeTJXNkVsSURFMVA4NDdFYy0xVjZBakk0Q2tQc1AtdGRMM1lIbzBOQXl2bkFZdUVzc2Vhb29pUkNtNWgyRWhHS1k1a0xTYkNKVGdPZGRGMzJGSG5ZdkxLMHpuYWwwdWpjWW9RRkN3bHdxNzdrUDkteTRlTm9nTGdmc293?oc=5,1762877983,I Don't Care What the Trend Cycle Says—You Can Still Pull Off Naked Nails in the Winter - Marie Claire,I Don't Care What the Trend Cycle Says—You Can Still Pull Off Naked Nails in the Winter - Marie Claire
gnews,beauty trend,news.google.com,https://news.google.com/rss/articles/CBMipAFBVV95cUxQYzdnMmFGb2UtcXptX0hFOEI4S0JiZG8ta1Ywa2F5MVV0cEhacWdBelRsNlBWQUZsX0VpN0JZUUtSZjFrLU1ZeUpxVEN3WXk2d09TMkNqX19FMVlfSlVjTzloTmZ4aDNDa2dXSFBoZWNmR0pYRHRHNWVaRjVVX2psc0pyc295bHFpVDBaZldIcnNwdGtlOE81c2JzTEVIRS1XVC1Zag?oc=5,1762944234,Why flaws are the future of beauty branding (and what to do next) - Cosmetics Design Europe,Why flaws are the future of beauty branding (and what to do next) - Cosmetics Design Europe
gnews,beauty trend,news.google.com,https://news.google.com/rss/articles/CBMia0FVX3lxTE45NnJxb2FlSGNzUjJ3eENMalZaLWE2ZjN4LUstUEtYTmlWTWxEY0JUM05TOVZBS0x0U1J6M3g0czdxWFcxVXhLU0dzVURUbXJURzFzQjBwaW1nc3AxLTIydHBKWTh3dXoyUkFV?oc=5,1759474800,Amal Clooney Gives Her Stamp of Approval to Fall’s Biggest Beauty Trend - Vogue,Amal Clooney Gives Her Stamp of Approval to Fall’s Biggest Beauty Trend - Vogue
gnews,beauty trend,news.google.com,https://news.google.com/rss/articles/CBMitwFBVV95cUxQMjRIRzAtRnBRQ3k0VFotVWhHbkZZQUpRX0cyUVFsUzFqeTVTc3RycVhGVWFValZYeFk2aE4wMnFjWnpCYWxaNHNtWGxLWUFZR09DN05kdmtxaWZTR2hVSE95MHZOa0gzX0pTcUpoOXBJcWc3Wk5CUUFhMTRaRV9kMmFxaGVQRWdYcEtET1QxR0xSY0NNaV9NZmJ3TENxWlBvUExwWG1FWnAtazN2WHUzQXdxTExibGc?oc=5,1762814213,6 oral care trends driving beauty and wellness innovation - Cosmetics Design Europe,6 oral care trends driving beauty and wellness innovation - Cosmetics Design Europe
gnews,beauty trend,news.google.com,https://news.google.com/rss/articles/CBMic0FVX3lxTE5YLVdFZXYzT0dmZTh6dHcyQVpvNlpORVVXWGpkeWxNT3VMNHNhblZSbFpmdnY3cDRPaldvZzR0cEhKYkc4YkhsLUp2dXNGaEpUNkRiSFota05xRTdkYmE5aC02RjgwOEJ5Uk9DYUt1TzRkRzQ?oc=5,1763138263,‘Tis the Season to Deck the Halls—And Your Manicure - Marie Claire,‘Tis the Season to Deck the Halls—And Your Manicure - Marie Claire
gnews,beauty trend,news.google.com,https://news.google.com/rss/articles/CBMieEFVX3lxTE0wQ1VHZFFyMWxMSklxWG5ra2JDNWlmMG9rWGlvellZX1JBNFdnZktZUFNULWFZSmxvbi1kN3RTN2FnXy1iejlGMWljV3lTYWRXSmczaUpfM3U2YjZfbXZCYnM3OC1FX2dRS25pTTFiNVVNRTNUdXNsadIBWEFVX3lxTE51VnI3VGJKTUVxSHdNblhZZFluNTU2UlN1ZkE4bkQzM1F3M1JoejZSSGZFVWhKNU9LOUpEZXZqUm5zZXJxWlJyYkFkbm93SERpcE5BempMTGs?oc=5,1762243200,What Are Exosomes? The Viral Beauty Trend Everyone’s Talking About - NBC News,What Are Exosomes? The Viral Beauty Trend Everyone’s Talking About - NBC News
gnews,beauty trend,news.google.com,https://news.google.com/rss/articles/CBMifEFVX3lxTE8yN0IweGF2ODZQVnRjV09mQk43M0VfQWZqUXZZRWtzcmp0SXNhdEJRNlg0bGRsSmVYN3NZZ2R6Wkt6SmlRZ1ZUUUhpQXZicmY2bURVYUFBbWdMUy1TLUJaYjdGQzc0LXhQY2ZudGVLVE9iUDhHNktMdG1IaWY?oc=5,1763155386,"The Siren Makeup Trend Dominated the GQ Men of the Year Red Carpet: Alix Earle, Shay Mitchell and More - Yahoo News UK","The Siren Makeup Trend Dominated the GQ Men of the Year Red Carpet: Alix Earle, Shay Mitchell and More - Yahoo News UK"
gnews,beauty trend,news.google.com,https://news.google.com/rss/articles/CBMitAFBVV95cUxOTXBtbjVNSzBxa2c5SmpVam1DOTNDcEFhWjJBdU1nLW85TmxMNnpRM0NrTmZNQ05WUTBNRWpOdElSUTZrUWhSQzhpd0FnN0d4ZDN0ajJUdUNmTE1aRHhXWnFJRmI4Y3pHTk5rU0xRa1FwdjBMeU5zRmVPc2picWN4dkhkdEZ5cmZJODNoUm9EN3BnZ283YjlYWXlRTDVaeHpxUTVSWkxyQzFtb0N0QXRaeFNyQTI?oc=5,1762418657,Squeeze and go: Single-dose application poised to become key beauty trend – L Cosmetix - Cosmetics Design Asia,Squeeze and go: Single-dose application poised to become key beauty trend – L Cosmetix - Cosmetics Design Asia
gnews,beauty trend,news.google.com,https://news.google.com/rss/articles/CBMilwFBVV95cUxPTkZLcnJxOE9nWGdyMW93Qkt5Z3lVUWJJajBrcjJSRVQ4Ujh4endiRldMZHZLR3kyS3J3YXhURkZ6SzhPVnBvNjRabDBFRm5TeGItT08xanRuemxoMDE3SmpQTWVSNEpyTVdRdXZfYkdQZFQxaXk1QWlSSG5rd1c4OFczRlJEN0lnTTFMRENMZk1XWGpHV3Bj?oc=5,1761202800,"What Is Baked Makeup? The Glowy Beauty Trend Is Officially Back: Shop Laura Geller, Kosas, Milani & More - E! News","What Is Baked Makeup? The Glowy Beauty Trend Is Officially Back: Shop Laura Geller, Kosas, Milani & More - E! News"
gnews,beauty trend,news.google.com,https://news.google.com/rss/articles/CBMif0FVX3lxTE9pV3BJN2EyRHVsWHhEbDl4ejNOQzFjajdZSVpnWm5PWlRkd254UjNIR3gycWxDa080X2FVU1hyZWJhaDlZSUsxMDZobHBfRmZLOUcxQ1lQVUxuQkVMNWRhMTZOc3BtZUFzVlFNZnR0NThmTk9mMDBKYzRSZ3dJNVk?oc=5,1760684400,From Windswept Hair to Watercolor Eyes—Fashion Month Set 7 Major Beauty Trends in Motion for 2026 - Who What Wear,From Windswept Hair to Watercolor Eyes—Fashion Month Set 7 Major Beauty Trends in Motion for 2026 - Who What Wear
gnews,beauty trend,news.google.com,https://news.google.com/rss/articles/CBMizAFBVV95cUxNSWFhQndUai1NSE1fMTM2SDlsZVdTTF8talY4ZWFHbmdnS2VtVTdmLUxlRHFqdl81WFMtX05OaGUzaXZDWWZDWkpLU3pZS1g1cDllLXBqcllHYTFpZGdyQzExYjYzdnRtLWZZaWhDR1FCVkZNbExjaVhmdzZLT0VtQ1lBZTZaaWJ2Nkszbjd5bHNhd3VVdEtxbXUyNUdhcUVlQWFySFp6X1FkdTQ0M2tkb2lITWxodUlidl9ZSlFzZEpjSkZYTExHbzROOE4?oc=5,1759388400,How Did Mar-a-Lago Face Become the Defining Beauty Trend of the Trump Years? - Pajiba,How Did Mar-a-Lago Face Become the Defining Beauty Trend of the Trump Years? - Pajiba
gnews,beauty trend,news.google.com,https://news.google.com/rss/articles/CBMif0FVX3lxTE9OSVNfRU9PQXBCbGpuUldRY1J3Ti1mSkRpdjdOMWtIT2tTVVc0OF9FcVJITUU0RzBwd043dVFRVHNXN29tbXNIekVsY016UWJIUDlwWFY4NVQ4MjYtdFdLVXJvQTJzVUE5VEFNTFNZT2I3M09zanlvZnMyRmt5MVU?oc=5,1762243200,Can You Eat Your Skincare? The Beauty Trend Backed by Science - Business Traveller,Can You Eat Your Skincare? The Beauty Trend Backed by Science - Business Traveller
gnews,beauty trend,news.google.com,https://news.google.com/rss/articles/CBMimgFBVV95cUxOZUU1LVZZcmNxSUpXV2dFeVlidGVfQ0dMLW11ZV9maGZsSzR0S2kzdzZLWXhsNHNvVE1jSldwREFRWUhPUllIYU41RmZqTEo1aW9wWTQtZjBoeXRPZTJiTUdZWUFoQ2kyVnpwbEg0aDhabC0xN1JDU0hTMUp6a0h0RHBmX1laTmd5UVNYRnhwcG9ySmFZbVJ3VTZB0gGiAUFVX3lxTFBWUzY4cDRmaklJT0o2dzZIXzNwQl91WmtSSkMyck9pbFl0N1I3UnI1empUNzBZY3NQTmVLVG55M3NsOS00NXNmWkxZRmpCRU1pSmt1cDdKWWE4ZS1tNXZ4OWpmNzhreUhZY0h1Z284bGFXal9idGJnWEoyQUhScW5PeExHcWxmWnNSNmdTYjhObmlNeXRNcnNkaWxsZng4ME85QQ?oc=5,1762502400,What Is Slugging? Is This Beauty Trend Good For Skin Health? - NDTV,What Is Slugging? Is This Beauty Trend Good For Skin Health? - NDTV
gnews,beauty trend,news.google.com,https://news.google.com/rss/articles/CBMiiwFBVV95cUxOU3lPSVJ1TVRfR1ZRVEpiVUpNNkNNQkpzTk5RNS1wZldzVkRnVGg3cmMzZ1o5NkpPTnlLVnlLWUZobEs4RGJRVFNiWWZNbndWeDU3WmFQOGprcGpTcmxCbnRoUkRhS0EtbE1yanE0REI2cGZaX3J6WVBHUmU2RENsVWJ5a1ZLU29fUHRj?oc=5,1763075025,What Gifts Do Tween Girls Want This Year? We've Got the List. - Cosmopolitan,What Gifts Do Tween Girls Want This Year? We've Got the List. - Cosmopolitan
gnews,beauty trend,news.google.com,https://news.google.com/rss/articles/CBMiXkFVX3lxTE1Zd3VvSHBkb0NLMTBka2k2RHIyaVhUUXBva1JIM0F3RmVldUtRdEdZMWF6bE5NUkR3bUhwbVVJWFhEblJmakIxX21yUTdpc0hGUnEzYjY0QmZKM1dGZVE?oc=5,1760079600,THE SS26 SEASON'S HOTTEST BEAUTY TREND IS: NOTHING AT ALL - CR Fashion Book,THE SS26 SEASON'S HOTTEST BEAUTY TREND IS: NOTHING AT ALL - CR Fashion Book
gnews,beauty trend,news.google.com,https://news.google.com/rss/articles/CBMic0FVX3lxTFBIaF9NcUdiWDhWQ2hKRFRVbzF2U0JSNksyRk9oYUlPeEg3MkM2TkZRdm5oaU5VS3ViSDJrYVFoa0NXbm5TWFo2Vy1JbU9LNzJYWWJpdnYwV3dDQTloV3BMOVk4TlZkWEZkMHl3V2hNWDlhQ0k?oc=5,1760166000,"The 8 Biggest Beauty Trends of Fashion Month, From Watercolor Eyes to Shimmering Metallics - instyle.com","The 8 Biggest Beauty Trends of Fashion Month, From Watercolor Eyes to Shimmering Metallics - instyle.com"
gnews,beauty trend,news.google.com,https://news.google.com/rss/articles/CBMiiAFBVV95cUxNOWNhaHRfRlRIMXR6Q1l0TURNMDh1NnpFNGxkWk5LX281cjUzSHVwYzJqRlYxT3NyYnFjaW9SMEdiaWxQaEJEZzQwem9HNmd0WFhkbl9DVmVfeW5rcVdHdTJCR2dISzMxVkYxUmFXY0hOZXRaNXdFMk8xY3J3djIyRXltQzdGejIw?oc=5,1763134609,Soldiers Transform Appearance During Military Service - 조선일보,Soldiers Transform Appearance During Military Service - 조선일보
gnews,beauty trend,news.google.com,https://news.google.com/rss/articles/CBMigAFBVV95cUxOTDVUd0cxRWJMbkdYLVdua1FOR1JpNDhMUzdRWHc2d0hXQUdUbldqeGpZS3g5M295V3o5Nzh1d3lfTjRjY0ktTzhZUmk1NDdIRXBkQjNnLVRYYndseHFjX1lSVkcxcHlZTldfUDJtLWQwbm9SeWZKYmFHR3pONXNhbQ?oc=5,1761116400,"Mintel’s 2026 beauty trends: When tech, personalisation and emotion converge - Premium Beauty News","Mintel’s 2026 beauty trends: When tech, personalisation and emotion converge - Premium Beauty News"
gnews,beauty trend,news.google.com,https://news.google.com/rss/articles/CBMickFVX3lxTE4wcHZyVm00ZXY2dkdsS1dWS3BMLUFrSEdseTJaQUNUVmliV21aV2JEbDJjS0N3SW15R1IzSk9hNXVELW9oYXc0VXhXRUJvUHhqRG5zN3hHUGJMN2ZsbW02YWxrUXdaMWtiMm53N3FjSmNQZw?oc=5,1761202800,"Pinterest, IG, and TikTok Agree: ""Toasted Blush"" Will Be a Huge Makeup Trend This Fall - Who What Wear","Pinterest, IG, and TikTok Agree: ""Toasted Blush"" Will Be a Huge Makeup Trend This Fall - Who What Wear"
gnews,beauty trend,news.google.com,https://news.google.com/rss/articles/CBMiR0FVX3lxTFBaRGZMNzFfWTJoMEJxMzlSbVc3UTdmbGZNUE1TSVdsZUlWUmp0YmM1dV9aN2JxZjhiSkdfdWdWRjczN1VleFZv?oc=5,1763099031,"Brown lipstick is the cosiest, cool girl trend to know this season - Vogue Singapore","Brown lipstick is the cosiest, cool girl trend to know this season - Vogue Singapore"
gnews,beauty trend,news.google.com,https://news.google.com/rss/articles/CBMic0FVX3lxTE9FX21KOG9RUWpVVVhOQlFmWFJqdkZGN3RUZk1xaE1jSy15MmNMUjVfdXR2YWtISm9qT213b3ZoSGlzYjVpcFpXQlIyZ1N3Skg1d2NRbFoxVUJPa0VJVDBBX0JUV2VOdzlWbDIzaWdENFJBYVk?oc=5,1759906800,I'm a Beauty Editor—These Are the 54 Prime Day Beauty Deals I'm Shopping - glamour.com,I'm a Beauty Editor—These Are the 54 Prime Day Beauty Deals I'm Shopping - glamour.com
gnews,beauty trend,news.google.com,https://news.google.com/rss/articles/CBMiW0FVX3lxTE92aEgyZTRpa0p4V1dxMkhqYnRYRHBSUE1TTDdTbXhfcHRsd29HNldrY0ZUd3ptcXRpWEd1dmRKakk1cnNwa2NyUVlma2ttbmc5d21DcFBxM2lPS3M?oc=5,1761202800,Why is exhaustion and sleepy girl makeup trending right now? - RUSSH,Why is exhaustion and sleepy girl makeup trending right now? - RUSSH
gnews,beauty trend,news.google.com,https://news.google.com/rss/articles/CBMiuAFBVV95cUxNTlVJcXQ4VVM4emhCOVFaM2JlZDl3X0lGMXhRWUNtb0dZSjJVSkwtZ0VtanlkR0czUWdOUk1oT0pvSGd0Yi10aG9VTDBwb19TS1BDT2hDYWJJdUtpbTB3NjlhREVuVWtUWDlUa3RreE1RNEpVQUo3ODNvY290S21FR0pPTmtlTm8tQ2pjd2NNeDU3RERkRnE1eFNNa0FHaGpTeHRRUVZjY2tOZHRFY05jQWxjWlBSZ0c3?oc=5,1759906800,"Tanning, the harmful beauty trend Gen Z is obsessed with in 2025 - AFR","Tanning, the harmful beauty trend Gen Z is obsessed with in 2025 - AFR"
gnews,beauty trend,news.google.com,https://news.google.com/rss/articles/CBMihAFBVV95cUxOeXBjY1owNm9hYzhDOEcxbndrZUtlZjdmR2NPdzFQalQxNUpCallDR3RzWTJISDNSaHhWcnRpeDdFQ2FyS3d0LTBQeEZ2dVQwVDZXMko2Y3ZsV05FLWw5a3pXTmhQT09BSTJpcDJXSGRjZk5qZzFXWm9rRzRJNkhvdmxkVm4?oc=5,1759906800,5 Beauty Trends That Swept Paris Fashion Week - Vogue,5 Beauty Trends That Swept Paris Fashion Week - Vogue
gnews,beauty trend,news.google.com,https://news.google.com/rss/articles/CBMiYkFVX3lxTE9nVjFrbVNxSWF5Znc2ZEJoTW5rbWdIQVoyOWUzZmxWQXVhZk05cGFrMHV3bGYxNXlia3hRWG54TDZPQ24zZEVCUFFnZmZsNW5KY1B4VE9OWEljUXBpbmFyM1RR?oc=5,1759388400,‘Marie Antoinette Blush’ Is the Maximalist Beauty Trend to Try ASAP - glamour.com,‘Marie Antoinette Blush’ Is the Maximalist Beauty Trend to Try ASAP - glamour.com
gnews,skincare trend,news.google.com,https://news.google.com/rss/articles/CBMiekFVX3lxTE5sUWFtbV92elZVM0hmWHRKeUZCM3V1b0pSYVFDdGYybGhJaEo3eUZ5cE84R3pSY2d0RkUwV0FiLWdNcjRRQVlEbHREQnB3MGtOQlgybE1yek54ZXZPWGZqbkg4TmVRYnlmOEZBdnd3TXlZejg0T3d4Ymt3?oc=5,1762789980,Actress Shay Mitchell Just Launched Sheet Masks For 3-Year-Olds. Has The Kid Skincare Craze Gone Too Far? - Women's Health,Actress Shay Mitchell Just Launched Sheet Masks For 3-Year-Olds. Has The Kid Skincare Craze Gone Too Far? - Women's Health
gnews,skincare trend,news.google.com,https://news.google.com/rss/articles/CBMiiAFBVV95cUxOVWpWVVVPY0JYWW5fcm5qRlpSRVRja1VFS2VNRXp3aGVud3QxUVdzTElqWHN4YUpKUEl1WkMyLU80TFlwQmpNQzNZcVFGWjFwOGFPM045M002cTVFcGdrVFctWENpSUo3Uk9WQXdibmNjQ05MNU50ME9wSkt3RFVva3dzNVFobUxJ?oc=5,1763160876,Korean Beauty Trends Are Going to Look Different in 2026 - ELLE,Korean Beauty Trends Are Going to Look Different in 2026 - ELLE
gnews,skincare trend,news.google.com,https://news.google.com/rss/articles/CBMiwgFBVV95cUxPc0JQM3Npd2NsdFlSS3JNUjRkZDJmWmZxdEljcnlFSldyN19KTXdScTlmNTVjSlVVWDNzMVNtc2t3dzFfZFZIN0ZPeWlnU04zU0FwakZqcGZqNGFxc3pqei1SSGgta1FZcGJkVnJzc0pCU3h0T291Xy1JVkVzVmdXcUJsQ0lVMEdaVEVoNEFZUXd2OVo4VjhnWlRIZ19CYUJ4V0E0RnZqd0pkaUxCWEtfMDNxRExQcGNTSnFqTzVZQi1ZZ9IBygFBVV95cUxOT3lnSVhUZFpsYmZIdkV5R28tcWZSVV94ZTdrbVU5bjVVVVhGTFRUbWpEbWkwdDYzbTJGVWMwRGFkXzhaUDNnOGtYX3drWGRoOVdEV0k4Ti1YODZEbVFjZmZhcGNYblE0VHg1bVlwUjJrcXFvYlg5TDdZcHA5OXN4V2VvR1k0WEZwa3dsZkRjbjFZRjZFMVh6X2x5MlN4SjEwcV9VSzAwc0pVTF9ZQW9TU3ViREF1SDFLZnRIQi1NZk9qV3VQNmNPZHNB?oc=5,1762971073,A closer look at a new skincare trend: Skin flooding - NBC10 Philadelphia,A closer look at a new skincare trend: Skin flooding - NBC10 Philadelphia
gnews,skincare trend,news.google.com,https://news.google.com/rss/articles/CBMiakFVX3lxTFA2dVJjNXZhMVZrNHp1cDZNek5PTThxTDRVRm80UHl4ZWgyWEdIWGRWOGdZT015TWI4MWVYT3l0aUswT0VUTkdHLU5qQlJHZ21UdkN4OFhTdUNRM1VEWkc4b1hfLW5zS1lVQ2c?oc=5,1763057375,Shay Mitchell’s Rini Kids’ Skincare: Harmless Fun or Problematic Trend? - The Everymom,Shay Mitchell’s Rini Kids’ Skincare: Harmless Fun or Problematic Trend? - The Everymom
gnews,skincare trend,news.google.com,https://news.google.com/rss/articles/CBMikwFBVV95cUxQMGRLV2xpSm5OZ2FlODRCRy1hc3hmVDJ0WnRfdXBDOGVVdjV2UGJTd0JFYjQ1eHExcGVBbnJWemRpam42ckJEYmV4amdvd0pZUTRoejlkQmkwbi1ESnUtQlhHRjEyeElPXzZBSjU1amJTQXExeHRUWExORjVvMTFiT2tWN1ZrTXcxcGk3bnJIUW9rNUU?oc=5,1762243200,Study says rosemary in skincare trend is worth the hype - Penn Medicine,Study says rosemary in skincare trend is worth the hype - Penn Medicine
gnews,skincare trend,news.google.com,https://news.google.com/rss/articles/CBMijAFBVV95cUxPek1WdkZxcTJXaHhXUUh4eHNMdGhnV29lejN1Sll4cU5WVXQ1TFpnZHg3QXA1U0lJbGU1UEl5VnF3RThOa3paUlhXblNGVURGS21UNkxMR1BJWTl3ai1xMy0zanNaNk93OE9qSmNPMHV1TTZzcEFRZDhWZWZYUWhfUHVlMDgwNEZsZ3EyUg?oc=5,1763211647,Mistletoe Makeup: The Hottest Holiday Beauty Trend - Rolling Out,Mistletoe Makeup: The Hottest Holiday Beauty Trend - Rolling Out
gnews,skincare trend,news.google.com,https://news.google.com/rss/articles/CBMiXkFVX3lxTE5hOEFkWEU2N0Zoa2xpVEoza3hWLTFiUEhWREtZeXVuWEQ3TkJSOXg4SVRPbGFZaV9reUZzZkhMSk5XMTdTeXFGcXdwZndMUXNxbmpQSGtwSDZGQTRXVnc?oc=5,1763190000,"What Happened When I Finally Tried Exosomes, The Biggest Skincare Trend Of 2025 - Vogue","What Happened When I Finally Tried Exosomes, The Biggest Skincare Trend Of 2025 - Vogue"
gnews,skincare trend,news.google.com,https://news.google.com/rss/articles/CBMicEFVX3lxTE96eFRtR1g5NG15VmJxdk9GX3B1V1FJdWRDdkJPb1pHMWk3d2pwMV81WFBURlJxaHRadVZTWUFKR1VSc21KX1lyVTUxa2NSa05nRmxUU1FRb1hFVWNvc2hDZ25YYUQ0Y09jMzNhLTZuWGk?oc=5,1762249794,The Vogue Business Beauty Trend Tracker - Vogue,The Vogue Business Beauty Trend Tracker - Vogue
gnews,skincare trend,news.google.com,https://news.google.com/rss/articles/CBMimgFBVV95cUxPZ21WWVBEREhjbzYwajNpVk9heTZSandFcmRtYlJkb2VtMUNXMEIzRzM3VHEwR2czN1BXSXVSUzd2WTBRNmRaM0ZwUHVnbF9PZl9ETkVpLTVaaXItM0ZFUjM0TnRVajFsdWRmSmM2SXByYmhMMFNOYXdwM2N3czJHemZyWEJocU9XN2pJcnhVN2xtZUZEYnZ4QldR?oc=5,1763125200,"Tomato, strawberry, glazed donut : why is every beauty trend named after a food? - Culted","Tomato, strawberry, glazed donut : why is every beauty trend named after a food? - Culted"
gnews,skincare trend,news.google.com,https://news.google.com/rss/articles/CBMilAFBVV95cUxPbGZmY1g3VUhTd0FWOHJHS25heGpKQU12VEJsYlRkaVVJY3BwN2I1RWF0R2h3Q2dBdmdMYUZoUHBwcnk1aFVkcmtPajNGdWJRR25tLUl4UmtQVlZUSzBZZnZ2cDBoX3BUU3MyQWZBd19HRmVjMkNoT04ybVEyZEI0UmdsOWZxWllWUEdVZ04welFvTTd1?oc=5,1762577244,"According to Scientists, This Viral Skincare Trend Actually Works - SciTechDaily","According to Scientists, This Viral Skincare Trend Actually Works - SciTechDaily"
gnews,skincare trend,news.google.com,https://news.google.com/rss/articles/CBMieEFVX3lxTE0wQ1VHZFFyMWxMSklxWG5ra2JDNWlmMG9rWGlvellZX1JBNFdnZktZUFNULWFZSmxvbi1kN3RTN2FnXy1iejlGMWljV3lTYWRXSmczaUpfM3U2YjZfbXZCYnM3OC1FX2dRS25pTTFiNVVNRTNUdXNsadIBWEFVX3lxTE51VnI3VGJKTUVxSHdNblhZZFluNTU2UlN1ZkE4bkQzM1F3M1JoejZSSGZFVWhKNU9LOUpEZXZqUm5zZXJxWlJyYkFkbm93SERpcE5BempMTGs?oc=5,1762243200,What Are Exosomes? The Viral Beauty Trend Everyone’s Talking About - NBC News,What Are Exosomes? The Viral Beauty Trend Everyone’s Talking About - NBC News
gnews,skincare trend,news.google.com,https://news.google.com/rss/articles/CBMiiwFBVV95cUxOUEk2aDJHTGhpdHNyZFZ1bEk5ZnU2Ynk1WncyUkY0R2puVHQ0VEFxSEliTk0yWjZqeEFRSG5wLVR4RjAzeTBINW14UEJ6ZXJSTlIxY05YZzlVNGVrbFphNHl5UV9RZmpOa2JLTE9USEhjUDFIWUF4cVdvU25GUTliSXBEdG54LWlkbG0w0gGaAUFVX3lxTE9BaWhpcS0yT3Fjd1lBcEpkRDRGaVNwcmxSbUxuXzlxQXNscW9HZkpJUjJaLTNBajU3emFYU3N4dUtHWGE0Q1ZWMVUydFUwNHUwaEI3UlF6b0RONllfaDQ4QWxLby0xWUxEalFGUjQtcnliYXY1aGdlWWpPYk5LZGN0UzVtUkxJbmJhaWNINmtUQWZaZVQwbkczNnc?oc=5,1762156800,'Morning Shed' skincare trend: Experts suggest that you may not be doing it correctly - HOLA,'Morning Shed' skincare trend: Experts suggest that you may not be doing it correctly - HOLA
gnews,skincare trend,news.google.com,https://news.google.com/rss/articles/CBMiqwFBVV95cUxNOWh5Y3hISk4yNHk2MHNGVHdKZDJGNktHRGpvRjVLbEtycnJtTUJ4S2xpYVhJZEo5WTBpQzJyYlFLaVlnS3QyeUVjZjd1WkJMWWl3eUI0dTJOZ3k2WjdaX2E2NFNuQ05fakl2c0x1NjdKM3JYYjJiOEdId1BSQXlYbGtrNEVRUU05Umx0ck1HNmZkbTFxeUZEcXA2b2dRQlljNUpvUVFTYjdwV2M?oc=5,1761116400,Dermatologists Tell Us if This TikTok Skincare Trend Is Worth Trying - CNET,Dermatologists Tell Us if This TikTok Skincare Trend Is Worth Trying - CNET
gnews,skincare trend,news.google.com,https://news.google.com/rss/articles/CBMif0FVX3lxTE9OSVNfRU9PQXBCbGpuUldRY1J3Ti1mSkRpdjdOMWtIT2tTVVc0OF9FcVJITUU0RzBwd043dVFRVHNXN29tbXNIekVsY016UWJIUDlwWFY4NVQ4MjYtdFdLVXJvQTJzVUE5VEFNTFNZT2I3M09zanlvZnMyRmt5MVU?oc=5,1762243200,Can You Eat Your Skincare? The Beauty Trend Backed by Science - Business Traveller,Can You Eat Your Skincare? The Beauty Trend Backed by Science - Business Traveller
gnews,skincare trend,news.google.com,https://news.google.com/rss/articles/CBMimgFBVV95cUxOZUU1LVZZcmNxSUpXV2dFeVlidGVfQ0dMLW11ZV9maGZsSzR0S2kzdzZLWXhsNHNvVE1jSldwREFRWUhPUllIYU41RmZqTEo1aW9wWTQtZjBoeXRPZTJiTUdZWUFoQ2kyVnpwbEg0aDhabC0xN1JDU0hTMUp6a0h0RHBmX1laTmd5UVNYRnhwcG9ySmFZbVJ3VTZB0gGiAUFVX3lxTFBWUzY4cDRmaklJT0o2dzZIXzNwQl91WmtSSkMyck9pbFl0N1I3UnI1empUNzBZY3NQTmVLVG55M3NsOS00NXNmWkxZRmpCRU1pSmt1cDdKWWE4ZS1tNXZ4OWpmNzhreUhZY0h1Z284bGFXal9idGJnWEoyQUhScW5PeExHcWxmWnNSNmdTYjhObmlNeXRNcnNkaWxsZng4ME85QQ?oc=5,1762520851,What Is Slugging? Is This Beauty Trend Good For Skin Health? - NDTV,What Is Slugging? Is This Beauty Trend Good For Skin Health? - NDTV
gnews,skincare trend,news.google.com,https://news.google.com/rss/articles/CBMiigFBVV95cUxQbWFaR3ktSVlScFJucmJZUXNYNFF4Y1VnbThzbV9HcGlWenZ5am5xMHNLTGpuWW1pSXN2cGN5UTVVcVYwVkpNaUppLVRIX0YzSFN2NjRBQUNoQnVGTHppTUxwS0xqQjZaa3Vkclo0WTgwODAyellMUmRqMzZ6VV9MbHJSMmJXYlFUaVE?oc=5,1761548400,Is 2016 Makeup Back for Good? - Hypebae,Is 2016 Makeup Back for Good? - Hypebae
gnews,skincare trend,news.google.com,https://news.google.com/rss/articles/CBMiygFBVV95cUxOT2p1a043MWpvN1lDMzJnTTFRLVBqMzhXancwSnlTTlhWbU1od244UTEyQ1RzQVNVRGtWWWFkR0NJMENTSVZQMVlDTzU2R0tvV2NQTjVzXy1zSUZsUmdJczRSU0x3ZnpRTUstbHZhOElCZm9LaDFPR0xTUW02MjgtVldRQXd2R0NmbnVfZ2hVYjZ6U1BfMmxpUmVWVnNaZmNXSzh2bTFUVGQ1ZVlwUWk2OERzT29SejFHSWltOXB3ZWN3ZkZEV2F2VExB0gHSAUFVX3lxTE1KWG1zcUszVkozZlAzLTBCTVdVOVpuOXI2ZWhnTHRZazlKbWN3SDZBbGVRNzd6SXc3M20tSEpDTVNNZlVscDZYaTRmVTRDV04zbzJTT29COUYyejJidUp5RDQtOEYyR1I1bmFKOFlaZkx3dlhfdzlsU1JrMFI0VGNWbVhKTS1BUGFNZjN1V1FsUEFLVWl1VmR6Rm5FeDNIYnZrVTFNcHpmRnBJd2kzU21QZDlCU2hVX0tjb3ZCYnItcjBLclBlcmdpajJURVp4dW01Zw?oc=5,1761289200,Slugging: Dermatologist On How This Popular Skincare Trend Works Only For The Right Skin Type - NDTV,Slugging: Dermatologist On How This Popular Skincare Trend Works Only For The Right Skin Type - NDTV
gnews,skincare trend,news.google.com,https://news.google.com/rss/articles/CBMihwFBVV95cUxPbXY5MUZVRXAwY1FhYkVnYnN3d0tXUzN0Tlg1NlFtZW1FdlhYYS1USFNBNzUwTEI5d0U2a0VhX1E0TmJVelJIX3RyWEhYRVBqemp3YXphT3ladnV1dXBGSDVnUG1KaTd6ZEllam50ZXdsblpZN1ZaS3BxUmNtdGtGR21TNVpFWFU?oc=5,1761548400,'Skin Longevity' Is The New Way Beauty Brands Are Talking About Aging. Here's What It Means. - Women's Health,'Skin Longevity' Is The New Way Beauty Brands Are Talking About Aging. Here's What It Means. - Women's Health
gnews,skincare trend,news.google.com,https://news.google.com/rss/articles/CBMiiwFBVV95cUxQdDNidE9ZSDJGc1VLaU1RRG5Qdl83YUFCNS11ajNJTlhqNDVfbVlCSVllZm5KYkhqbTRuY244a1JHV3hodnd3TFJEclFFdUhZVnBGaDh6WHM0cHpjcHRHOWE4Wk9CRkZHT05rU2JHb1V0SEF5SmZFMHR4QUdKdExGVFAza3lJMmVkc3Vn?oc=5,1761807600,"This Controversial 1990s Beauty Trend Might Be Coming Back, And We're Scared - Southern Living","This Controversial 1990s Beauty Trend Might Be Coming Back, And We're Scared - Southern Living"
gnews,skincare trend,news.google.com,https://news.google.com/rss/articles/CBMitAFBVV95cUxOTXBtbjVNSzBxa2c5SmpVam1DOTNDcEFhWjJBdU1nLW85TmxMNnpRM0NrTmZNQ05WUTBNRWpOdElSUTZrUWhSQzhpd0FnN0d4ZDN0ajJUdUNmTE1aRHhXWnFJRmI4Y3pHTk5rU0xRa1FwdjBMeU5zRmVPc2picWN4dkhkdEZ5cmZJODNoUm9EN3BnZ283YjlYWXlRTDVaeHpxUTVSWkxyQzFtb0N0QXRaeFNyQTI?oc=5,1762418657,Squeeze and go: Single-dose application poised to become key beauty trend – L Cosmetix - Cosmetics Design Asia,Squeeze and go: Single-dose application poised to become key beauty trend – L Cosmetix - Cosmetics Design Asia
gnews,skincare trend,news.google.com,https://news.google.com/rss/articles/CBMiswFBVV95cUxQVzhmWHVkM1BEX2dHM3RVcE5qdGNLb3NvaXp2Rk51Yi1xZWxQNjRsbS1JLXg1S3dwUlJlQ1FSaGVZbGFxR19QTGsxTTktOEIwWUdRYlRzZDBTc3p0dmhxYmNlZlhQeFp1NkY2bnNQblhmUmNnVm15SGZYakRwRC16ZEtyR1NqY1NfNFBpQXVGWTdJQTlkM2NUQ2xVOHJCQk9qajN4NjdZZTctWGFSRVpmbWZyONIBuAFBVV95cUxPS2tVVHZzR0dxby1tV0ZKRGNYUjI5X0JLODZtQ2RSM2o5UFhNN1dHa19tMl84YlBwM1NlZXNDcFRoY0VrOWF4NTN3T2FRams5UjljY1oxZTlIbXh3X3dMX2RBN0p3ZmFpY0xBVHNBRVZwUGg4eDE0aFhiQ25SeTJHYzBnUHF3amJlMUdKWl94WWptRXd1VVgzdzJ5bWJVQmtjN2pLblFwZjZzQnozY0JGX3JmOHBxNHNy?oc=5,1761289200,"‘Slugging’ Skincare Trend Goes Viral, But Dermatologists Warn It’s Not for Everyone - The Indian Witness","‘Slugging’ Skincare Trend Goes Viral, But Dermatologists Warn It’s Not for Everyone - The Indian Witness"
gnews,skincare trend,news.google.com,https://news.google.com/rss/articles/CBMiXkFVX3lxTE1Zd3VvSHBkb0NLMTBka2k2RHIyaVhUUXBva1JIM0F3RmVldUtRdEdZMWF6bE5NUkR3bUhwbVVJWFhEblJmakIxX21yUTdpc0hGUnEzYjY0QmZKM1dGZVE?oc=5,1760079600,THE SS26 SEASON'S HOTTEST BEAUTY TREND IS: NOTHING AT ALL - CR Fashion Book,THE SS26 SEASON'S HOTTEST BEAUTY TREND IS: NOTHING AT ALL - CR Fashion Book
gnews,skincare trend,news.google.com,https://news.google.com/rss/articles/CBMihwJBVV95cUxORGJtcFQ5TXF0QzNPQ0lDVktEbVBfblpoR284N05tdXN2TTQ0U1N0b28yVUxKVHNJb29UNDIxY2ttOUJaMTQ2LWhlNHpjVDl6eWo2U1RKbjdxREFES3J4ZklhQU9hNGJuSHZNQUttRHI4VlRrQmhyOHQwMll2MUhOc0tkSVhTXzIwendSZ0NKSktEQTNLTTBmVEZIRUhaejJlbnpLY0tVWGRJUlJiTUFNM20yaVg4TmVJYU9XMEgyTTA1V08waVFFTkNkU0RFODgyaGJnb3NySGwyNkxBY0l2TlQ3WWlBc2FCOUxJMTB4ajNVd0NjaUwzamE4dnd5R3pCTktCdjNrRQ?oc=5,1762127138,Would you ever just stop washing your face? Inside the viral ‘caveman beauty’ trend - YorkRegion.com,Would you ever just stop washing your face? Inside the viral ‘caveman beauty’ trend - YorkRegion.com
gnews,skincare trend,news.google.com,https://news.google.com/rss/articles/CBMizAFBVV95cUxNSWFhQndUai1NSE1fMTM2SDlsZVdTTF8talY4ZWFHbmdnS2VtVTdmLUxlRHFqdl81WFMtX05OaGUzaXZDWWZDWkpLU3pZS1g1cDllLXBqcllHYTFpZGdyQzExYjYzdnRtLWZZaWhDR1FCVkZNbExjaVhmdzZLT0VtQ1lBZTZaaWJ2Nkszbjd5bHNhd3VVdEtxbXUyNUdhcUVlQWFySFp6X1FkdTQ0M2tkb2lITWxodUlidl9ZSlFzZEpjSkZYTExHbzROOE4?oc=5,1759388400,How Did Mar-a-Lago Face Become the Defining Beauty Trend of the Trump Years? - Pajiba,How Did Mar-a-Lago Face Become the Defining Beauty Trend of the Trump Years? - Pajiba
gnews,skincare trend,news.google.com,https://news.google.com/rss/articles/CBMiuAFBVV95cUxNTlVJcXQ4VVM4emhCOVFaM2JlZDl3X0lGMXhRWUNtb0dZSjJVSkwtZ0VtanlkR0czUWdOUk1oT0pvSGd0Yi10aG9VTDBwb19TS1BDT2hDYWJJdUtpbTB3NjlhREVuVWtUWDlUa3RreE1RNEpVQUo3ODNvY290S21FR0pPTmtlTm8tQ2pjd2NNeDU3RERkRnE1eFNNa0FHaGpTeHRRUVZjY2tOZHRFY05jQWxjWlBSZ0c3?oc=5,1759906800,"Tanning, the harmful beauty trend Gen Z is obsessed with in 2025 - AFR","Tanning, the harmful beauty trend Gen Z is obsessed with in 2025 - AFR"
gnews,skincare trend,news.google.com,https://news.google.com/rss/articles/CBMioAFBVV95cUxNUWxLZndSaklaUHhVbjhjZ3lPN2VfaG43MUpENGVNTnh3OXdjbEd5U0NCeVdVQTljdUxHUWYtdXAxS0ZOQ1dRS3Q2TU95UnNIeF9kZG1ZLW1YRDZzSEpwOTRRNm5FcGEtN09YaWtweEI5QUxXYmwzcGZYcF9GU25Nc1h6QXJEUnZJQ1NidUFaY3h4bWFwSmxMSWk3WnlmWnJC0gGoAUFVX3lxTE4xNWV2Z2xlcEhRWV83V2tQa2lteUdXaEE2dFRkbnkxV0xmT1czMS1HU1B1US1iemhDUXdjQkdIRDdaRjFJdGE3NFI2RmJzWHF1RXQzZDdyM1ZFSjZqTXBMYVctakdic0tFLXZHQy13Y1poR1lIVzB2RUlQTFJPelpUXzBQOW1EUERGamFEeXZ4X3dOZnJUemNNMVVwb0ROR2hyRjJPQlAxaQ?oc=5,1761289200,K-Beauty Glass Skin Trend: Why It May Be Harmful For Indian Skin - NDTV,K-Beauty Glass Skin Trend: Why It May Be Harmful For Indian Skin - NDTV
gnews,skincare trend,news.google.com,https://news.google.com/rss/articles/CBMixwFBVV95cUxOblNoYllrUFJtVlp2VXlWMzJMMVNOYkpTMlpGQ3BSUUNCbklpdWJhTEhCTG5wUVBfQzhQVUVQa2YxSXBZdXcxTUx5ekhsdGlXR05nMWFRNDJoZkxyTW9oZVdSQmdBcnk3dmZsSWdhWk9Ebm5IRkJSMXJySi13bHRfeVRWbTZmMWM5N3R4VzBoRkJaU0tZLTMzNmVOMXRDdHNCbWRMY0NLTnpqdDJqd0J5V3BIVTZJNEtPSlZQY2k5X0dxYURvaDlV0gHMAUFVX3lxTE5BX05ZVDhaT2N2YWx6Rm1ZWV9DZFR3dnhGSjQxcTd2WFF5bkhZalRQdmRROHZSWngtS0lEeW1aSXdUMVdBZ0U4bVNiV1VKTkVKdjJhUTF5S1lETnNhYlRSRDUxdWV3RF9sVlR2UjRuZDlWYkYzY0ZYZkpsMjdhLWtBbnJUMkVJSXAtcWpXQ0l4dDNlcGxENW9GOGtvUm41cGtjZlBIazE1TkpabTI2dWVFN09KSmN2MmNBZG9COEdMNjl5NjYyQzZmeVB1eQ?oc=5,1759734000,Blush veiling is fall's newest beauty trend and here's how you ace it - Harper's Bazaar India,Blush veiling is fall's newest beauty trend and here's how you ace it - Harper's Bazaar India
gnews,makeup trend,news.google.com,https://news.google.com/rss/articles/CBMiZEFVX3lxTE9sQWFiWUxyaGpIYVdHNVFvTzJqSTB4WGRCR0E2YVowRGVpQjBrN0I1eUYwcEVndWpjV0ZKTWprbS05MEZ6azBCWUFOUHRCRzZvQzdPcmZhbE84MVg1MnlHQTZVTWo?oc=5,1763067283,Winter’s Biggest Makeup Trends Are High-Impact With Minimal Effort - Allure,Winter’s Biggest Makeup Trends Are High-Impact With Minimal Effort - Allure
gnews,makeup trend,news.google.com,https://news.google.com/rss/articles/CBMifkFVX3lxTE5MdzY2UU9jU0ROblVLc0RPS1lneXFfci1ISHV3eDB1LUlNdFkxQ0Vycmk5cHQzVDV5dHMzYzVfVEt2ZmFSR3ZQZk8tVTlMUF80T2owZjdELXJVUG84NTVfZ2YzdzF2SzVBcmNCOEx3eGZmSlgwU01MVWM4V21Jdw?oc=5,1762972190,"This Winter, the Glossy Skin Era Is Ending—Meet Its Chic Successor - Marie Claire","This Winter, the Glossy Skin Era Is Ending—Meet Its Chic Successor - Marie Claire"
gnews,makeup trend,news.google.com,https://news.google.com/rss/articles/CBMidkFVX3lxTFBpMm5TdlJvVEFlZ2VuWG12bzlJazlXbk16bHNqWkNKdFlHVjI2bnJUVzlVblVMcy1DX2ZjWW1QY1Z1c2FSVlhwYTFpUVFua21lMlM0LUFrT0FTUWR2QlpONHNMM25tUjZfTGZweHdPVGlYU1ZNSlE?oc=5,1763062912,Here’s Why The Viral Ghetto Makeup Trend Is Problematic - girlsunited.essence.com,Here’s Why The Viral Ghetto Makeup Trend Is Problematic - girlsunited.essence.com
gnews,makeup trend,news.google.com,https://news.google.com/rss/articles/CBMiiAFBVV95cUxOVWpWVVVPY0JYWW5fcm5qRlpSRVRja1VFS2VNRXp3aGVud3QxUVdzTElqWHN4YUpKUEl1WkMyLU80TFlwQmpNQzNZcVFGWjFwOGFPM045M002cTVFcGdrVFctWENpSUo3Uk9WQXdibmNjQ05MNU50ME9wSkt3RFVva3dzNVFobUxJ?oc=5,1763160876,Korean Beauty Trends Are Going to Look Different in 2026 - ELLE,Korean Beauty Trends Are Going to Look Different in 2026 - ELLE
gnews,makeup trend,news.google.com,https://news.google.com/rss/articles/CBMijAFBVV95cUxPek1WdkZxcTJXaHhXUUh4eHNMdGhnV29lejN1Sll4cU5WVXQ1TFpnZHg3QXA1U0lJbGU1UEl5VnF3RThOa3paUlhXblNGVURGS21UNkxMR1BJWTl3ai1xMy0zanNaNk93OE9qSmNPMHV1TTZzcEFRZDhWZWZYUWhfUHVlMDgwNEZsZ3EyUg?oc=5,1763211647,Mistletoe Makeup: The Hottest Holiday Beauty Trend - Rolling Out,Mistletoe Makeup: The Hottest Holiday Beauty Trend - Rolling Out
gnews,makeup trend,news.google.com,https://news.google.com/rss/articles/CBMijAFBVV95cUxQcUg1azh3RTBmYi1kMm84ejZDdEpnb2ZTUExiX1JZTHJUTEFsLUFDM1R4TjlaS3NBSWNZbm9NWnI5RFVTcmF0MDBLM3FKTjc5LWoxMmZ6VC0xMW9mSXB2R20yUi1UU0xfYXVuQ0RpNHc1SHRReGVMZWpJWXZ0NjNKLXppMTFFOFpVanRzQw?oc=5,1763155479,Siren Makeup Dominated the 2025 GQ Men of the Year Red Carpet - WWD,Siren Makeup Dominated the 2025 GQ Men of the Year Red Carpet - WWD
gnews,makeup trend,news.google.com,https://news.google.com/rss/articles/CBMiakFVX3lxTE1CbGh1TDRLUHBLN0ZWOTBrMlhwandtSDNldXZxazJtNkEzbGZFZHc3c1NKWnFWVjdndWRqMVFmaEl3S2xrc3pGRkpKOHVQdTQ2WTFaT3htUzJNVzZlZGlidW52WFRuLXQ4WFE?oc=5,1762884324,A Softer Take On The Y2K Frosted Eye Will Be Everywhere This Winter - Bustle,A Softer Take On The Y2K Frosted Eye Will Be Everywhere This Winter - Bustle
gnews,makeup trend,news.google.com,https://news.google.com/rss/articles/CBMif0FVX3lxTFA1LVktSFM5TWcteVU2TnJYRWU5MERPMFJhN3pHTHZuY0pJenhBYlFFaG15Ui1yWE1YMHpnZFZQVmY3eWFBUzZIQ3B0NU1uanVmdmxtUV9na3hiczEwNzVybkhFcUlJdTg4eDFRQlZYYkNVbjhfODIwTFlGZVg3Mlk?oc=5,1762803000,Icy Blue Makeup Is Trending: These 8 Products Will Create the Look - E! News,Icy Blue Makeup Is Trending: These 8 Products Will Create the Look - E! News
gnews,makeup trend,news.google.com,https://news.google.com/rss/articles/CBMimgFBVV95cUxPZ21WWVBEREhjbzYwajNpVk9heTZSandFcmRtYlJkb2VtMUNXMEIzRzM3VHEwR2czN1BXSXVSUzd2WTBRNmRaM0ZwUHVnbF9PZl9ETkVpLTVaaXItM0ZFUjM0TnRVajFsdWRmSmM2SXByYmhMMFNOYXdwM2N3czJHemZyWEJocU9XN2pJcnhVN2xtZUZEYnZ4QldR?oc=5,1763125200,"Tomato, strawberry, glazed donut : why is every beauty trend named after a food? - Culted","Tomato, strawberry, glazed donut : why is every beauty trend named after a food? - Culted"
gnews,makeup trend,news.google.com,https://news.google.com/rss/articles/CBMiY0FVX3lxTE5HUFd3RHpoMXhTSTU4aWc0blNXY0VfX1VabzUzTG5uN0Rpa01pNllEazM1MVhRV1ZLaWVHMUwtRjZNcW5VS3R4aFdtekVRdmQ1ZUFxQVRORloxcDRtNFdMdHB4RQ?oc=5,1761807600,"9 Beauty Trends You’re About to See Everywhere In 2025, According to Experts - Real Simple","9 Beauty Trends You’re About to See Everywhere In 2025, According to Experts - Real Simple"
gnews,makeup trend,news.google.com,https://news.google.com/rss/articles/CBMigAFBVV95cUxOOW1NUTNWQjdBNk5UWmVCc2RBVmRWYTBzcGptMmRBTlp6OUxhRmhuZE5hVWI2d0VZRVJ5RkRJbTZsQUc4VUdZdFlqYm5Fb21Ia3doaFU0ajNmR2VtTlBnM0ozNUk1WE5MeEdnenJxWUJjdmNGcVQtVEhtQ25BcEpQLQ?oc=5,1763118013,TikTok Wants You to Look Drunk With Blush - Hypebae,TikTok Wants You to Look Drunk With Blush - Hypebae
gnews,makeup trend,news.google.com,https://news.google.com/rss/articles/CBMiqAFBVV95cUxOZ3dnQWhZS3drT0J1M0pTb1NTQ1VzWkdLdnE2bU1lYllXMk92YXNFYXVkaG1ldXVuZEtzU0toSlZNcE9NNG9vQ1hGdXVWYVNSSzJ5Y1lVYWM2OUtwbkFjX1J1czNsMWF2ZGtwTmVSMmdaLXJndzFHaWFhd2t0VXZTWDlkQTFuWGtLTUR1UEY0QTZTdVhZRnhKOF91TTJKQjJpZG1EbF9EWkk?oc=5,1762957500,Amal Clooney brews up a chic 'latte’ makeup look and delicious ‘cinnamon roll’ hair - Good Housekeeping,Amal Clooney brews up a chic 'latte’ makeup look and delicious ‘cinnamon roll’ hair - Good Housekeeping
gnews,makeup trend,news.google.com,https://news.google.com/rss/articles/CBMijwFBVV95cUxNWlp4YXBnNkxoNHNFel9GUTZQdElrQ1kwY0lZb2xob1hOQ1JZY1ZHbDlpUVRUUWpXUGRlSUdsZ0tjTDI0bWg5aGlBa2RtdU5OUzdJYU1NS3llcms1bFE4YmpYdFVtaURVSnpvZHJqU0otWUhMRFB3SW1acjhfZmNCZ1pjR3hYOGlUNHpsMzZBdw?oc=5,1763161181,It’s Official: Frosty Lips Are Back for Winter 2025 - ELLE,It’s Official: Frosty Lips Are Back for Winter 2025 - ELLE
gnews,makeup trend,news.google.com,https://news.google.com/rss/articles/CBMiWEFVX3lxTE5mX09pR1BRWWsxblZyRHpSeUNVZ2VCVVhwc0ZwYkdONUIwWkRzOEgzY0lDSlNmckFqRE84R0lQc1dOVGJtelZaNHJlYUN5RHh6ejFFcFgzZ2M?oc=5,1762791379,4 Beginner-Friendly Makeup Tricks to Make Your Eyes Pop - Vogue,4 Beginner-Friendly Makeup Tricks to Make Your Eyes Pop - Vogue
gnews,makeup trend,news.google.com,https://news.google.com/rss/articles/CBMingFBVV95cUxQVnp5ZnhfT21DVmhXQVBmbDk4NXFSaFphN3dQMXR4VGYwQ3hLRDdzajU0dUdFelp3akMwN0lDbmZCck9wNFh6dEVSWlRrMmtoWllmUlhsVXRUMWw1bmkzRDE5bHZwaFdqb3AyUmNuWkhhVWZwX0tnWVlZTkZKUzhQNXNMYTIxMGFBMGU5dkpqbmlBUzZ0dllJb2RQTTQ0Zw?oc=5,1762814551,The $30 Eye Shadow That Made Me Rethink My Entire Makeup Routine - ELLE,The $30 Eye Shadow That Made Me Rethink My Entire Makeup Routine - ELLE
gnews,makeup trend,news.google.com,https://news.google.com/rss/articles/CBMiaEFVX3lxTE5oS0h4YzZ3Uk13RFNtWFR2cnBwMXdCTWxSd1gzRDJVUS1Hc29nZTVOQXliTUhxeUpPZVpGSnRqcUlWR1F6cE56Q2tVQ0NQV3RqUjlqT2FNaXdnakpQbXlPMUVDaWVUNUw0?oc=5,1761807600,The Return of Soft Goth Makeup: Get the Wednesday Addams-Approved Look - Vogue,The Return of Soft Goth Makeup: Get the Wednesday Addams-Approved Look - Vogue
gnews,makeup trend,news.google.com,https://news.google.com/rss/articles/CBMihAFBVV95cUxQd3pGdmFNX1VFS1RnajFhNkhWSXduSS1PMmlGcFFlay1MLTVmVVd0VmJvRVNDcktIa3ZJbkZCYzNtd2pVRjl2YkJmNWd0bDVEUDQzUGplZlprc3dhZWxhWThQR0RzZk0zZFJBeVdwMkxxV1Q5TVZqWWN3YTg4cmVDVDJRdjc?oc=5,1760425200,"The 14 Best Beauty Trends for Spring 2026, According to the Runways - Harper's BAZAAR","The 14 Best Beauty Trends for Spring 2026, According to the Runways - Harper's BAZAAR"
gnews,makeup trend,news.google.com,https://news.google.com/rss/articles/CBMiWEFVX3lxTE10UURDNlRiVDRPTGpacjIxTG44SVl4SERqOV9zeEF3aTZzNXV2ZzJYbkJBN1FPaXhXRFZVQ2FwUGROZ0xIdXJST0dwWVpuZEVGblR5VGNjWEI?oc=5,1760511600,How to Wear Y2K Makeup in 2025 — With Photos - Allure,How to Wear Y2K Makeup in 2025 — With Photos - Allure
gnews,makeup trend,news.google.com,https://news.google.com/rss/articles/CBMiWkFVX3lxTE1IQ1g1S0xyYmFybWVjdWN5S2RiOUxVUWpvYTVCQktEd1p3V25jZzN3Z3UwcEdoaGZYckI2aUwyWjQtWm9KM2gtVlR2N1VsdHBuRXE1V1A3ekdUZw?oc=5,1759734000,These '80s Makeup Trends Are Making a Comeback for 2025 — See Photos - Allure,These '80s Makeup Trends Are Making a Comeback for 2025 — See Photos - Allure
gnews,makeup trend,news.google.com,https://news.google.com/rss/articles/CBMiXkFVX3lxTE1Zd3VvSHBkb0NLMTBka2k2RHIyaVhUUXBva1JIM0F3RmVldUtRdEdZMWF6bE5NUkR3bUhwbVVJWFhEblJmakIxX21yUTdpc0hGUnEzYjY0QmZKM1dGZVE?oc=5,1760079600,THE SS26 SEASON'S HOTTEST BEAUTY TREND IS: NOTHING AT ALL - CR Fashion Book,THE SS26 SEASON'S HOTTEST BEAUTY TREND IS: NOTHING AT ALL - CR Fashion Book
gnews,makeup trend,news.google.com,https://news.google.com/rss/articles/CBMif0FVX3lxTE9pV3BJN2EyRHVsWHhEbDl4ejNOQzFjajdZSVpnWm5PWlRkd254UjNIR3gycWxDa080X2FVU1hyZWJhaDlZSUsxMDZobHBfRmZLOUcxQ1lQVUxuQkVMNWRhMTZOc3BtZUFzVlFNZnR0NThmTk9mMDBKYzRSZ3dJNVk?oc=5,1760684400,From Windswept Hair to Watercolor Eyes—Fashion Month Set 7 Major Beauty Trends in Motion for 2026 - Who What Wear,From Windswept Hair to Watercolor Eyes—Fashion Month Set 7 Major Beauty Trends in Motion for 2026 - Who What Wear
gnews,makeup trend,news.google.com,https://news.google.com/rss/articles/CBMickFVX3lxTE4wcHZyVm00ZXY2dkdsS1dWS3BMLUFrSEdseTJaQUNUVmliV21aV2JEbDJjS0N3SW15R1IzSk9hNXVELW9oYXc0VXhXRUJvUHhqRG5zN3hHUGJMN2ZsbW02YWxrUXdaMWtiMm53N3FjSmNQZw?oc=5,1761202800,"Pinterest, IG, and TikTok Agree: ""Toasted Blush"" Will Be a Huge Makeup Trend This Fall - Who What Wear","Pinterest, IG, and TikTok Agree: ""Toasted Blush"" Will Be a Huge Makeup Trend This Fall - Who What Wear"
gnews,makeup trend,news.google.com,https://news.google.com/rss/articles/CBMiY0FVX3lxTE9ESWp6UUx6SVBpUWZzRzRuWW1qVEZZcWVYcGs3XzF1d3dmS0VXS1FZMDUwM19EcktnMUhHNUk1elVMYW41OGRPTXJyeHZOdHpkVXhTVy1FNEVjeW40RVJVZkxVVQ?oc=5,1761030000,Latte Makeup Is So Back for Fall 2025 - Popsugar,Latte Makeup Is So Back for Fall 2025 - Popsugar
gnews,makeup trend,news.google.com,https://news.google.com/rss/articles/CBMif0FVX3lxTE91MFZvT0ZRTkZfeS02SUdKY21wS1pWYWR3OFd0S2VYUzBaQXFlczl2VjVvSDZSdndsaDJrZkxERkhOLXB2bV9VSDR6NkFGUmotaTkwbjV5SW90amlqN0Rma3d6Q2ZJWUE0dF9fZHNaNEJMa04wY0x5MlJqaDAzZ3M?oc=5,1762329600,12 Thanksgiving Makeup Looks You Can Try in 2025 - perfectcorp.com,12 Thanksgiving Makeup Looks You Can Try in 2025 - perfectcorp.com
gnews,makeup trend,news.google.com,https://news.google.com/rss/articles/CBMihgFBVV95cUxNQzB4TERnbHdSZ3cwNUJVUnhSSHZuaGpOZkY5bW53TUNSRVUwLWFvNkNlSkctejlZOTNVSFRZelVuNGgxSGR3alFSdW9mTmhIMUVrYThfMnVIQm5mdE8zZzhYSHR5Mm0xbVBLdFBuTEMyQUxPY05QUWkyODJ4eEVCRFdsazRhdw?oc=5,1762788537,Glass Lips Are the New Glass Skin—These Korean Glosses Make It Happen - ELLE,Glass Lips Are the New Glass Skin—These Korean Glosses Make It Happen - ELLE
gnews,makeup trend,news.google.com,https://news.google.com/rss/articles/CBMibkFVX3lxTE5zVzRQZGNVTGRrdEpka1B2UG5nLXRIZnQ5MWdfYjNWRFF4b2hrYlE5dUtGcTY2V1hycDVKbGJoWXBtUHE2OU10XzY3R1hKUVI5ejJnUWlJcjluYV9TbnZWdmhXbFFQdHA4UUNwWEdn?oc=5,1759734000,"Pinterest, IG, and TikTok Agree: ""Toasted Blush"" Will Be a Huge Makeup Trend This Fall - Who What Wear","Pinterest, IG, and TikTok Agree: ""Toasted Blush"" Will Be a Huge Makeup Trend This Fall - Who What Wear"
gnews,makeup trend,news.google.com,https://news.google.com/rss/articles/CBMicEFVX3lxTE96eFRtR1g5NG15VmJxdk9GX3B1V1FJdWRDdkJPb1pHMWk3d2pwMV81WFBURlJxaHRadVZTWUFKR1VSc21KX1lyVTUxa2NSa05nRmxUU1FRb1hFVWNvc2hDZ25YYUQ0Y09jMzNhLTZuWGk?oc=5,1762249794,The Vogue Business Beauty Trend Tracker - Vogue,The Vogue Business Beauty Trend Tracker - Vogue
gnews,makeup trend,news.google.com,https://news.google.com/rss/articles/CBMiXEFVX3lxTFBSRVNPVXdPajlXLUYtVjZHQ25PaDlKdHdvdVVFMmc4czB0Z2huLXJpS09wdXBkclJseTltRm1jeUc2X2R6OVMxOXpfcEFLVm4yUmlnRWh0M09aMDRY?oc=5,1762243200,The Best Gifts to Give a Sephora Tween on Your List This Holiday Season - The Everymom,The Best Gifts to Give a Sephora Tween on Your List This Holiday Season - The Everymom
gnews,makeup trend,news.google.com,https://news.google.com/rss/articles/CBMi4AFBVV95cUxOalpIYzk2ZVNmZU43LUpZNnVRYTJEdl9MMFpYN3MwcmVqR3ZJTFpPc1pmTkktTFJ1aEV1bnM1WVNMYUI2a243Sk1sTW5CakVIU3JaT0dDbmNfWl9pZG1scHBXLUxJeTNZMXNHNVgwdENCeFFkdEpBMXRMWWpjNDFhYWtvdWdRZl9xWC1xeTVLWGdKNjUxRzM3M1RJQ2FYdTFDUEdoWUo5OTkySm9SMXZFYUV4NG9JWUN0UjA5bmVnc1BjZ2xYQTVIRnJGRmZuRjkzczdxZE5wemZYQ201NTFrWdIB5gFBVV95cUxOcVJac20ydUcwNDd0UWh5MDNtdkNwT3l2Uko0VXJKdHJEZU9SSnNfMHZOZ3FULWt5RnRvblBuUnRJZDBlTWU1R3VFSVZ0UXVrTUlxV241MkxxSlFNZTNJXzV2c0NoRFRtQ3ozRTZsVzdpeWJQLTRRZkVVWFRsNzlfTVIxaXdRclVMd3BZMEQwQlVFdmxnRkIyZFJjYWc4TVU2Nm1Kd09WM0JvSElTdTcwUUtyWFE1SXJPa2RKaUlLb2UxVkc0OTBVOWRXZktxNnd3aHM2dWxhY2xfZzV1UGZaa0ZlMXIyUQ?oc=5,1762856147,"Makeup forecast 2026: Minimal and natural looks will rule, say celebrity makeup artists | Lifestyle News - Hindustan Times","Makeup forecast 2026: Minimal and natural looks will rule, say celebrity makeup artists | Lifestyle News - Hindustan Times"
gnews,makeup trend,news.google.com,https://news.google.com/rss/articles/CBMilwFBVV95cUxPTkZLcnJxOE9nWGdyMW93Qkt5Z3lVUWJJajBrcjJSRVQ4Ujh4endiRldMZHZLR3kyS3J3YXhURkZ6SzhPVnBvNjRabDBFRm5TeGItT08xanRuemxoMDE3SmpQTWVSNEpyTVdRdXZfYkdQZFQxaXk1QWlSSG5rd1c4OFczRlJEN0lnTTFMRENMZk1XWGpHV3Bj?oc=5,1761202800,"What Is Baked Makeup? The Glowy Beauty Trend Is Officially Back: Shop Laura Geller, Kosas, Milani & More - E! News","What Is Baked Makeup? The Glowy Beauty Trend Is Officially Back: Shop Laura Geller, Kosas, Milani & More - E! News"
gnews,makeup trend,news.google.com,https://news.google.com/rss/articles/CBMiVEFVX3lxTE1PQnY0eWpnaEIzekFHcFlTWUJpZGptc3QyMlFYTzJaS0dyVF8xX2Y5X2Q1UzFXM18tX2hQZ1Q0dFktWF81Zmtzd0p1TzRNZENoWk84RQ?oc=5,1760425200,‘Tis the Season for Red Wine Makeup - newbeauty.com,‘Tis the Season for Red Wine Makeup - newbeauty.com
gnews,makeup trend,news.google.com,https://news.google.com/rss/articles/CBMic0FVX3lxTE90V2lBbU5fVm1tMXNNTk5FM19adV9GR2hBSm54TG9CckNoZXF4ZGZSbXI1Q2swZUJEZVNOcHk5aGFvTHlBRjh2V01GVHZGQVlVMjl6ZUVPaC1MNDVvdHFIMkxFMjN6VUdNMlIxMGpsa3M1dG8?oc=5,1759474800,The Best Blushes For Fall Make Me Look Sunkissed Year-Round - Marie Claire,The Best Blushes For Fall Make Me Look Sunkissed Year-Round - Marie Claire
gnews,makeup trend,news.google.com,https://news.google.com/rss/articles/CBMipAFBVV95cUxPUTdjTER6MllpeUY2cndzcF9CMnhxTGhCcmxKSmNsejVDUXFHbmFySDBUNXFyNGc1S2QyaGU0VWZKQmNCRjdYX25teDhIcnRRdHdQU3ZnbUdwRXREbnFCeUZ6aGQ0ZGNKYXhKaU5DWjJyaTRZWTBQa251b1RYTkxBY1U3NDJ3WnNHWnNoYmZvbGFpRm1YTGMya0hUNEI5RUFWMVZqdQ?oc=5,1761289200,"5 fall beauty trends to try this season, according to makeup pros - CBC","5 fall beauty trends to try this season, according to makeup pros - CBC"
gnews,makeup trend,news.google.com,https://news.google.com/rss/articles/CBMif0FVX3lxTE04QUJkT2RxZ3ozeThGRURKelpoY2cyZk5MaU5OR3dYWGJVclZsNnVubU5EZ09SRzlWbXplYy10QzI0T2hveDBWME1Cc1FOZ3JMdHliSmNCSzRmUjZEVi0zS3puYkJMWDFoSV9nUmdUSVRWajF1NkxvN1k4bGFaRjg?oc=5,1759820400,LA 10 Makeup Trend: How Beauty Standards Change from LA to London - nss G-Club,LA 10 Makeup Trend: How Beauty Standards Change from LA to London - nss G-Club
gnews,makeup trend,news.google.com,https://news.google.com/rss/articles/CBMiVEFVX3lxTE9ZV2QyZmg4UWNMdzZBZWJrcU1HRG1QbTEzM04yZDd6YkhlRHJKV19sNl9ObHNDSFpHNXNuVl9maGhNVi02NExYR1R2OHRfNUUxa3VteQ?oc=5,1760943600,"7 Best ’60s Makeup Looks, According to a Celebrity Makeup Artist - parade.com","7 Best ’60s Makeup Looks, According to a Celebrity Makeup Artist - parade.com"
gnews,makeup trend,news.google.com,https://news.google.com/rss/articles/CBMilgFBVV95cUxPU2UwclFRSW14dk1UN1M2NlhmcW1pcWQ5UVNiRGRSNEl3eUFoVW1xeG5nanFnUTZXY3BoZ0tZWm5nc3dDOG9TM2RxZzJXMW02TVhtci1LRXE4aFNqc0ppZHhWeUlsbnZRQWVFeHAwMnZqMzVIYVpxc2lBUktqZW9jVFRnN291QlVCVGQxZjgtNk9tUXJZTmc?oc=5,1759474800,Fall Winter 2025-2026 Makeup Trends: Must-Try Looks of the Season - nss G-Club,Fall Winter 2025-2026 Makeup Trends: Must-Try Looks of the Season - nss G-Club
