word,count
decor,137
ideas,115
design,115
home,110
interior,71
|,69
apartment,56
trends,56
2025,48
<a,38
modern,35
âœ¨,32
living,32
room,31
#homedecor,28
video,26
luxury,26
space,24
&amp,24
decoration,23
diy,23
welcome,22
transform,21
christmas,21
tiny,20
#shorts,20
stylish,20
wall,19
cozy,19
idea,18
#diy,18
house,17
bedroom,16
/,16
parisian,15
genius,15
de,14
creative,14
studio,14
timeless,14
spaces,14
discover,13
&,13
como,13
designs,13
furniture,13
#home,13
"rel=""noopener",13
#christmas,12
minimalist,12
as,12
easy,12
kitchen,12
elegant,11
latest,11
tendencias,11
#modern,11
#contemporary,11
#contemporaneo,11
#estilodevida,11
#estilo,11
diseÃ±odeinteriores,11
how,11
#estilocontemporaneo,11
#moderno,11
decorar,11
navidad,11
#casa,11
architecture,11
smart,10
elegance,10
"class=""rws-nl-title",10
size-post-thumbnail,10
"width=""1280",10
wp-post-image,10
"style=""text-align",10
vintage,10
"class=""rws-nl-img""><a",10
/></a></p><h2,10
urban,10
<p,10
bring,10
new,10
"class=""attachment-post-thumbnail",10
alt=,10
inspiration,9
top,9
#youtubeshorts,9
beautiful,9
art,9
through,9
handmade,9
make,9
2026,9
every,8
"height=""960",8
meesho,8
chic,8
sheet,8
we're,8
create,8
decorating,7
project,7
world,7
stunning,7
||,7
craft,7
renovation,7
style,7
dream,7
simple,7
journey,6
sharing,6
future,6
#art,6
affordable,6
#interiordesign,6
step,6
looking,6
ultimate,6
destination,6
candle,6
way,6
where,6
want,6
diwali,6
â€“,6
but,6
#trending,6
#homedesign,6
functional,6
work,6
landscape,6
magic,5
tour,5
inspired,5
open,5
layouts,5
sofa,5
apartments,5
today's,5
light,5
homes,5
gold,5
budget,5
back,5
architectural,5
haul,5
transformation,5
dÃ©cor,5
inside,5
takes,5
space-saving,5
aesthetic,5
making,5
corner,5
#craft,5
youtube,5
makeover,5
bohemian,4
maximize,4
parisian-inspired,4
site,4
#shortsfeed,4
loft,4
nature,4
kindergarten,4
must,4
japandi,4
building,4
hanging,4
foyer,4
charm,4
<p>the,4
-,4
table,4
#handmade,4
crafts,4
fall,4
friendly,4
buildings,4
farmhouse,4
best,4
along,4
interiors,4
#viral,4
inspiring,4
#furniture,4
styles,4
gift,4
ideas|,4
solutions,4
edition,4
barn,4
perfect,4
prototype,4
holiday,4
amazon,4
stool,4
clay,4
holder,4
see,4
trending,4
gear,4
shifting,3
prize,3
scully,3
still,3
blue,3
pro,3
sk05,3
loop,3
following,3
university,3
city,3
traditional,3
gaming,3
around,3
effortless,3
right,3
colors,3
3,3
tree,3
#decor,3
diya,3
warmth,3
pink,3
phone,3
#decoration,3
bottle,3
ten,3
real,3
cars,3
50,3
5,3
jewellery,3
inaugural,3
acrylic,3
architect,3
practice,3
10,3
plastic,3
spooky,3
beauty,3
shorts,3
mirror,3
#ytshorts,3
transforming,3
â€”,3
trend,3
modular,3
computer,3
pi,3
installation,3
hello,3
decorate,3
channel,3
dinh,3
gia,3
stands,3
apartments|hhdecors,3
cottage,3
country,3
wood,3
amazing,3
decorlux,3
#livingroomfurniture#livingroomsofa,3
#compressedsofa#sofa,3
"decor,interior",3
"ideas,transform",3
vision,3
1954,3
norton,3
#universaldreamhome,3
ğŸª,3
#housedecorators,3
view#viralvideo,3
raining,3
#ideas,3
channelâ€“,3
place,3
universal,3
#interiordesignerinthane,3
#dreamhome,3
#compressionsoaan,3
pedia,3
instantly,3
coffee,3
#craftideas,3
rural,3
located,3
layered,3
calm,3
meets,3
"class=""rws-nl-excerpt"">the",3
rs2,3
without,3
white,3
museum,3
need,3
builds,3
um,3
em,3
cramped,3
sauna,3
experience,3
designed,3
boho,3
stone,3
comfort,3
ready,3
public,3
shaping,3
portable,2
#smallbedroom,2
limited,2
workspace,2
productive,2
led,2
adventure,2
professor,2
preservation,2
crash,2
plane,2
away,2
concept,2
sponge,2
chinese,2
complex,2
taipei,2
i'm,2
#slidingdoors,2
flow,2
2023,2
<p>in,2
moguang,2
center,2
#slidingdoordesign,2
bed,2
interiordesign,2
1,2
live,2
whole,2
garden,2
system,2
setup,2
flower,2
âœ¨#yutubeshorts,2
woolen,2
response,2
styling,2
ğŸ ,2
#youtube,2
houses,2
projects,2
challenges,2
content,2
|interior,2
painting,2
tape,2
masking,2
âœ¨|,2
continuity,2
upgrade,2
architects,2
#homemade,2
#walldecor,2
#cardboarddiy,2
#cardboard,2
#shortfeed,2
fleeting,2
choose,2
artificial,2
already,2
integrates,2
program,2
door,2
sliding,2
versatile,2
easily,2
retro-tech,2
rgb,2
keycaps,2
swappable,2
keyboard,2
mechanical,2
full-fledged,2
500+,2
#old,2
everyone,2
pvc,2
dedicated,2
deigein,2
residential,2
native,2
legs,2
cafÃ©,2
reuse,2
short,2
#diwali,2
moon,2
#homedecorideas,2
area,2
vegetation,2
song,2
#roomdecor,2
haven,2
calumbi,2
market,2
compact,2
attractive,2
turn,2
cafe,2
brentwood,2
uses,2
terna,2
design/creative,2
scandinavian,2
à¤•à¤°à¥‡à¤‚,2
à¤•à¥ˆà¤¸à¥‡,2
à¤ªà¥‡à¤‚à¤Ÿ,2
à¤¸à¥‡,2
à¤°à¥‹à¤²à¤°,2
colour,2
jabardast,2
pop,2
use,2
conscious,2
#navratri#diwali,2
#shortvideo,2
#festivedecor,2
asthetic,2
luxurious,2
ğŸŒ±,2
plant,2
#,2
ideas|diwali,2
free,2
give,2
cushion,2
items,2
crochet,2
rose,2
paper,2
share,2
materials,2
olive,2
power,2
finish,2
two-tone,2
v12,2
#meesho,2
#meeshomegablockbustersale,2
showroom,2
shop,2
svilans,2
tom,2
thiss,2
butterfly,2
autumn,2
cheer,2
early,2
spark,2
ğŸ„,2
it's,2
copenhagen,2
opening,2
biennale,2
beginners,2
yarn,2
chandelier,2
waste,2
halloween,2
creativity,2
scrap,2
related,2
miss,2
donâ€™t,2
users,2
100,2
shape,2
local,2
global,2
because,2
bank,2
"20,000mah",2
lightest,2
accidentally,2
haribo,2
go,2
wheels,2
today,2
daily,2
#aesthetic,2
#minivlog,2
#kitchen,2
lifestyle,2
runs,2
wheelchair,2
ev,2
terrain,2
#functional,2
built,2
proof,2
#roommakeover,2
brilliant,2
expansion,2
spatial,2
current,2
doa,2
gardens,2
calder,2
show,2
wanted,2
first,2
moment,2
stream,2
sophisticated,2
diving,2
french,2
spacious,2
if,2
unique,2
water,2
community,2
car,2
bold,2
maximalist,2
3d,2
saving,2
authentic,2
lms,2
r8,2
iconic,2
legends,2
while,2
provide,2
atelier,2
heritage,2
finally,2
dicas,2
espaÃ§o,2
mais,2
ter,2
red,2
que,2
lhouse,2
mid-century,2
dubai,2
tsubomi,2
taiyo,2
expo,2
rooms,2
rolling,2
#reels,2
marble,2
word,2
hotel,2
plan,2
master,2
needs,2
different,2
efforts,2
former,2
planning,2
vincent,2
curator,2
hot,2
many,2
when,2
level-up,2
monitor,2
180hz,2
resilience,2
balance,2
<p>this,2
vhin,2
even,2
add,2
highlights,2
textures,2
warm,2
#india,2
#sabafaryad,2
#share,2
#foryouage,2
â€œmodern,1
"src=""https://www.yankodesign.com/images/design_news/2025/09/draft-arzopa/arzopa_digital_portable_screen_and_digital_frame_hero.jpg",1
"href=""https://www.yankodesign.com/2025/09/25/arzopas-180hz-portable-monitor-is-the-ultimate-level-up-for-your-gaming-setup/""><img",1
accents,1
house.#shorts#viral,1
dh11,1
â€¢,1
quick,1
setup</h2><div,1
"class=""rws-nl-excerpt"">arzopa",1
carved,1
name,1
tech,1
incredibly,1
good,1
thing,1
solving,1
problem,1
arzopaâ€™s,1
keywords,1
soft,1
clever,1
multi-functional,1
series,1
forward-thinking,1
tailored,1
evolving,1
emirati,1
families.</p>,1
next,1
practices,1
awards,1
baghdadâ€™s,1
forested,1
weekâ€™s,1
partnership,1
week,1
"href=""https://www.archdaily.com/tag/development"">developments</a>",1
highlighted,1
change,1
today.</p>,1
kiosque,1
"href=""https://www.archdaily.com/tag/architecture"">architecture</a>",1
adapts,1
"href=""https://www.archdaily.com/tag/cultural"">cultural</a>",1
"href=""https://www.archdaily.com/tag/social"">social</a>",1
"href=""https://www.archdaily.com/tag/environment"">environmental</a>",1
conditions,1
reimagining,1
role,1
"href=""https://www.archdaily.com/tag/design"">design</a>",1
communities,1
across,1
contexts,1
"href=""https://www.archdaily.com/tag/projects"">projects</a>",1
review,1
regulations,1
neighborhood,1
caen.</p>,1
initiatives,1
ongoing,1
address,1
environmental,1
preserve,1
cultural,1
"href=""https://www.archdaily.com/tag/landmarks"">landmarks</a>",1
prepare,1
"href=""https://www.archdaily.com/tag/infrastructures"">infrastructures</a>",1
reflecting,1
diverse,1
scales,1
directions,1
"target=""_blank"">vincent",1
prize</a>,1
established,1
1999,1
"href=""https://www.archdaily.com/tag/national-building-museum",1
"target=""_blank"">national",1
arba,1
bottom,1
gazebo,1
park,1
overhangs,1
roof,1
strictly,1
comply,1
apart,1
curves,1
d.c</a>,1
recognizes,1
exemplary,1
scholarship,1
criticism,1
historic,1
named,1
recipient,1
sterling,1
emeritus,1
history,1
moma,1
barry,1
bergdoll,1
receives,1
"href=""https://www.archdaily.com/tag/vincent-scully-prize",1
government,1
announced,1
results,1
"href=""https://architecturecompetitions.com/houseofthefuture2/archd?utm_medium=website&amp;utm_source=archdaily.com",1
"target=""_blank""><strong>2024/25",1
"href=""https://www.archdaily.com/tag/future"">future</a>",1
competition</strong></a>,1
success,1
second,1
invited,1
designers,1
worldwide,1
develop,1
type,1
"href=""https://www.archdaily.com/tag/washington-dc",1
"target=""_blank"">washington",1
yale,1
visiting,1
miami,1
awarded,1
figures,1
"href=""https://www.archdaily.com/tag/theaster-gates",1
"target=""_blank"">theaster",1
gates</a>,1
"href=""https://www.archdaily.com/tag/jane-jacobs",1
"target=""_blank"">jane",1
jacobs</a>,1
"href=""https://www.archdaily.com/tag/laurie-olin",1
"target=""_blank"">laurie",1
olin</a>,1
"href=""https://www.archdaily.com/tag/denise-scott-brown",1
museum</a>,1
"target=""_blank"">denise",1
scott,1
brown</a>,1
"href=""https://www.archdaily.com/tag/robert-venturi",1
"target=""_blank"">robert",1
venturi</a>,1
"href=""https://www.archdaily.com/tag/mabel-o-wilson",1
"target=""_blank"">mabel",1
o,1
wilson</a>,1
"href=""https://www.archdaily.com/tag/barry-bergdoll",1
"target=""_blank"">barry",1
bergdoll</a>,1
historian,1
"href=""https://www.archdaily.com/tag/moma",1
"target=""_blank"">museum",1
according,1
"href=""https://www.reuters.com/world/china/chinese-architect-kongjian-yu-dies-plane-crash-brazil-local-media-reports-2025-09-24/?utm_medium=website&amp;utm_source=archdaily.com",1
"target=""_blank"">reuters</a>",1
killed,1
tuesday,1
wetlands,1
art</a>,1
"href=""https://www.archdaily.com/tag/new-york",1
"target=""_blank"">new",1
york</a>.</p>,1
kongjian,1
yu,1
creator,1
passes,1
brazil,1
<p><a,1
"href=""https://www.archdaily.com/1029434/14th-sao-paulo-architecture-biennial-highlights-architectural-responses-to-the-climate-crisis",1
"target=""_blank"">sÃ£o",1
paulo,1
international,1
biennale</a>,1
last,1
week.</p>,1
"href=""https://www.archdaily.com/tag/kongjian-yu"">kongjian",1
yu</a>,1
pioneering,1
"href=""https://www.archdaily.com/1017697/urban-landscape-as-an-art-of-survival-an-interview-with-kongjian-yu-the-advocate-of-the-sponge-cities-concept?ad_campaign=normal-tag"">planner",1
credited,1
coining,1
concept</a>,1
passed,1
62,1
beimen,1
"href=""https://topics.amcham.com.tw/2019/07/taipei-old-walled-city/?utm_medium=website&amp;utm_source=archdaily.com",1
"target=""_blank"">reminder",1
city's,1
history</a>,1
witness,1
changing,1
mato,1
grosso,1
sul,1
state,1
"href=""https://www.archdaily.com/tag/brazil"">brazil</a>",1
reportedly,1
filming,1
documentary,1
featured,1
imperial,1
frontier,1
spared,1
demolition,1
during,1
japanese,1
colonial,1
dominion,1
crowded,1
perspectives,1
beimen's,1
obstacle,1
anchor,1
north,1
gate,1
known,1
prominent,1
status,1
development,1
plaza,1
frames,1
gate's,1
priorities,1
policies,1
tells,1
story,1
"href=""https://www.archdaily.com/1018525/hong-kongs-adaptive-reuse-projects-a-case-study-in-urban-renewal-for-cities-with-a-colonial-history"">shifting",1
attitudes,1
towards,1
spaces</a>,1
bordering,1
initially,1
interplay,1
people,1
surrounding,1
city.</p>,1
buildner,1
celebrate,1
visionaries,1
â‚¬250k,1
contest,1
<p>buildner,1
client,1
highways,1
postwar,1
modernization,1
recently,1
regained,1
atmosphere,1
rituals.</p>,1
rama,1
estudio,1
form,1
framing,1
it.</p>,1
osaka,1
kompas,1
<p>situated,1
western,1
seafront,1
bud,1
sun,1
overpasses,1
provides,1
responsible,1
management,1
integration,1
situated,1
young,1
couple,1
sensitive,1
proposed,1
experimental,1
embodying,1
resonance,1
awakening,1
synesthesia,1
invites,1
visitors,1
immersive,1
would,1
totally,1
intimate,1
ever-changing,1
encounter,1
alexander,1
tasked,1
typical,1
technical,1
requirements,1
conceived,1
speculative,1
slope,1
ilal&oacute,1
within,1
committed,1
suffers,1
disorganization,1
inefficiencies,1
alternative,1
construction,1
models,1
areas,1
inception,1
goal,1
respect,1
economical,1
means.</p>,1
nju,1
jian-jia,1
"href=""https://www.archdaily.com/tag/nanjing"">nanjing</a>",1
<p>on,1
safety,1
standards,1
therefore,1
restructure,1
integrate,1
site's,1
general,1
founded,1
1953,1
enlarged,1
expanded,1
several,1
phases,1
proceeded,1
overall,1
campus,1
density,1
makes,1
difficult,1
breathe,1
borders,1
possession,1
appropriation,1
attempts,1
moreover,1
structural,1
inspections,1
shown,1
portions,1
existing,1
longer,1
meet,1
formulates,1
hypotheses,1
arguments,1
tests,1
positions.</p>,1
herzog,1
meuron,1
<p>calder,1
conventional,1
beginning,1
procurement,1
strengthen,1
reconstruct,1
themselves.</p>,1
cube,1
context,1
graduation,1
quiet,1
pause,1
fast-paced,1
volumes,1
moved,1
based,1
necessity,1
subtraction,1
addition,1
pass,1
facilitator,1
touches,1
horizon,1
layout,1
freedom,1
capital,1
regulation,1
examining,1
#shorts#ytshorts#youtube,1
#shorts#ytshorts#youtube#mordenpvc,1
attend,1
allowed,1
think,1
aloud,1
confrontation,1
fertile,1
usually,1
academia,1
"href=""https://www.archdaily.com/tag/thesis"">thesis</a>",1
merely,1
requirement,1
lâ€™ours,1
acdf,1
"<p>""we",1
didn't,1
impose,1
"href=""https://www.archdaily.com/tag/copenhagen"">copenhagen</a>",1
glass.</p>,1
reveal,1
says,1
maxime,1
frappier.</p>,1
argument,1
<p>architecture,1
shaped,1
possible,1
constraints,1
responds,1
festival,1
theme,1
slow,1
autonomous,1
ğŸ¡âœ¨,1
trends#shorts,1
ğŸª‘,1
why,1
isn't,1
great,1
deceleration,1
sound,1
scale.</p>,1
la,1
baie,1
ancient,1
adapted,1
commercial,1
concepts,1
complete,1
instant,1
stickers.perfect,1
renters,1
too!#interior,1
#rnhome,1
london-based,1
collaboration,1
announces,1
opens,1
gammel,1
strand,1
months,1
long,1
periods,1
drought,1
adopted,1
amanda,1
#2026,1
â­ï¸,1
register,1
webinar,1
systems,1
strategies,1
water.</strong></p>,1
pavilion,1
<p>thiss,1
repurpose,1
#modernrooms,1
queries:-,1
#woodenalmari,1
you'll,1
love,1
sexiest,1
70â€™s,1
soul,1
#design,1
dry,1
climate,1
<strong>in,1
setting,1
intense,1
rains,1
concentrate,1
#interiordesign#interior,1
#woodenalmar,1
bindal,1
rahul,1
traders,1
premier,1
high-quality,1
jhansi,1
revival,1
70's,1
soul-inspired,1
redefining,1
texture,1
nostalgia,1
ideas#interiordesign,1
#roomstyle,1
<p>house,1
len&ccedil;&oacute;is,1
chapada,1
diamantina,1
bahia,1
transitional,1
territory,1
cerrado,1
caatinga,1
ecosystems,1
characterized,1
hills,1
valleys,1
premium,1
wardrobe,1
brtğŸ›ï¸âœ¨#shorts#homedecor,1
#homeâ€‹,1
#interiorâ€‹,1
#mumbaiâ€‹,1
#interioritemsâ€‹,1
inquiry,1
queries,1
4,1
sahiba,1
ğŸŒ·ğŸŒº#aesthetic,1
#roomtour,1
#sahiba,1
#howto,1
#newpunjabisong,1
punjabi,1
homedecor,1
neuberger,1
chi,1
minh,1
city</a>,1
sits,1
distinctive,1
plot,1
chamfered,1
frontage,1
street,1
axis.</p>,1
parking,1
trolly,1
cabinets,1
mahadev,1
working,1
2024,1
gypsum,1
2025|,1
panels,1
wallpapers,1
louvers,1
contact/whatsapp,1
us,1
9310428988,1
flooring,1
services,1
delhi,1
pinterest,1
served,1
province,1
ward,1
"href=""https://www.archdaily.com/tag/ho-chi-minh-city"">ho",1
paddies.</p>,1
g+architects,1
<p>context,1
long-established,1
village,1
pillar,1
-send,1
coment,1
à¦¬à¦¾à¦²à¦¿,1
à¦¸à¦¿à¦®à§‡à¦¨à§à¦Ÿ,1
à¦¦à¦¿à¦¯à¦¼à§‡,1
à¦ªà¦¿à¦²à¦¾à¦°à§‡à¦°,1
à¦—à§‹à¦¡à¦¼à¦¾,1
à¦¡à¦¿à¦œà¦¾à¦‡à¦¨,1
falseceilingdesign,1
#interiordecoration,1
danjiangkou,1
reservoir,1
leveled,1
terraces,1
wudang,1
showcases,1
accent,1
interested,1
creating,1
remains,1
gurugram,1
lots,1
erasing,1
original,1
valley,1
rice,1
#luxuryinterior,1
ideasâœ…,1
ideasâœ“,1
101,1
2bhk,1
unbelievable,1
archedu,1
knowledge,1
informative,1
linecraft,1
"href=""https://www.archdaily.com/tag/shiyan"">shiyan</a>",1
hubei,1
dining,1
meeting,1
functions,1
adjacent,1
mountain,1
visitor,1
winter,1
commissioned,1
facility,1
planned,1
guesthouse,1
district,1
longwanggou,1
#aluminiumshutters,1
#aluminium,1
entrance,1
sets,1
fresh,1
updated,1
ğŸª´,1
protect,1
environment,1
evoke,1
spirit,1
southern,1
vietnamese,1
house.</p>,1
an</a>,1
economy,1
shift,1
#designerlife,1
#designinspo,1
#entrepreneurlife,1
#smallbusinessowner,1
#bossmoves,1
#designhustle,1
#stair,1
round#building,1
trendy,1
dreamy,1
boho-chic,1
storage,1
âœ¨ğŸ›ï¸,1
#interiordesigntrends,1
#stylishspaces,1
repositioning,1
better,1
design.#2bhkinteriordesign,1
#interior,1
blend,1
green,1
buffers,1
accessories,1
helps,1
understand,1
broader,1
kitchens,1
marbal,1
rato,1
raat,1
viral,1
#stonelook,1
#stonedesign,1
modren,1
"trends,modren",1
"stair,round",1
stair,1
luxurymodrenhomeinteriordesigntrends,1
national,1
highway,1
presented,1
significant,1
traffic,1
noise,1
fine,1
dust,1
constant,1
vehicle,1
#30x50gharkanaksha,1
2024-2025,1
2024â€“2025,1
layers,1
design#creativenestdecorbysonalishinde,1
specific,1
aunt,1
fourâ€™s,1
aha,1
three-generation,1
family,1
residence,1
"href=""https://www.archdaily.com/tag/long-an"">long",1
"height=""860",1
ğŸŒ¸,1
#woolencraft,1
#woolenwallhanging,1
#painting,1
#housedesign,1
vietnam,1
positioned,1
busy,1
#fly,1
#dollar,1
#fyp,1
#decoracionhogar,1
#dollartree,1
#navidad,1
#drawing,1
#flower,1
#artandcraft,1
cardboard,1
watching,1
#cardboardcraft,1
#tatami,1
kang,1
inform,1
have...</div>,1
"src=""https://www.yankodesign.com/images/design_news/2025/09/raspberry-pi-500-is-full-fledged-computer-in-mechanical-keyboard-with-swappable-keycaps-rgb-lighting/raspberry-pi-500-plus-computer-in-mechanical-keyboard.jpg",1
"center;"">raspberry",1
lighting</h2><div,1
"class=""rws-nl-excerpt"">raspberry",1
single-board,1
sbc)on,1
helped,1
educators,1
hobbyists,1
impactful,1
telephone,1
inspo,1
#newhome,1
#decorideas,1
dollar,1
#parati,1
#diyidea,1
#deeni,1
â¤ï¸ğŸ˜,1
â¤ï¸,1
artist,1
beginner,1
â™»ï¸,1
ko,1
kare,1
#recycle,1
ear,1
kids,1
today...</div>,1
raspberry,1
lighting,1
"href=""https://www.yankodesign.com/2025/09/25/raspberry-pi-500-is-full-fledged-computer-in-mechanical-keyboard-with-swappable-keycaps-rgb-lighting/""><img",1
union&#8217;s,1
companion</h2><div,1
"class=""rws-nl-excerpt"">if",1
grew,1
aughts,1
talking,1
probably,1
involves,1
holding,1
actual,1
ggn,1
heaven,1
ğŸ¤©ğŸª‘ğŸ–¼ï¸ğŸªğŸª´ğŸ›‹ï¸#homedecoration,1
#banjaramarket,1
banjaramarketgurgaon,1
#banjaramarketgurugram,1
decor|,1
ideasğŸª¨,1
#romaclaycreations,1
vibes#motivational,1
video#home#allaha,1
ka,1
shukr,1
hey,1
ideas#gardeningğŸŒº#viral,1
videoğŸ˜±ğŸï¸,1
ğŸ˜¯,1
ğŸ“banjara,1
companion,1
"href=""https://www.yankodesign.com/2025/09/25/native-unions-pop-phone-is-the-perfect-retro-tech-companion/""><img",1
"src=""https://www.yankodesign.com/images/design_news/2025/09/native-unions-pop-phone-is-the-perfect-retro-tech-companion/pop-00.jpg",1
"center;"">native",1
seat,1
matching,1
it...</div>,1
unionâ€™s,1
wears,1
â€â¨@rangilapainterâ©,1
patio,1
ideas#house,1
#patiodesign,1
#patio,1
#pergola,1
#pergoladesign,1
ideaâœ¨,1
diyideas,1
#flowers,1
#craftcloud1,1
"src=""https://www.yankodesign.com/images/design_news/2025/09/terna-stool-prototype-uses-minimalist-brentwood-design-for-cafe-seating/terna-01.jpg",1
"center;"">terna",1
seating</h2><div,1
days,1
||home,1
part,1
covers,1
â‚¹400,1
#amazonfinds,1
#amazonhaul,1
@rangilapainter,1
strips,1
three,1
essential,1
parts,1
round,1
#diydecorationideas,1
#love,1
#decorationideas,1
â€œdiy,1
tindler,1
knots,1
https://amzn.in/d/dbpdz35,1
2,1
tufted,1
decorative,1
ğŸŒ¿ğŸ—‚ï¸,1
stones,1
manufaktur,1
metallic...</div>,1
seating,1
"href=""https://www.yankodesign.com/2025/09/25/terna-stool-prototype-uses-minimalist-brentwood-design-for-cafe-seating/""><img",1
santa,1
claus,1
coming,1
don't,1
forget,1
subscribe,1
#diywallhanging,1
#wallhangingcraftideas,1
#handmadedecor,1
broken,1
#brokenmirror,1
wedding,1
aarti,1
#crafts,1
pot,1
clayğŸ˜Š#,1
"src=""https://www.yankodesign.com/images/design_news/2025/09/mercedes-maybach-v12-edition-50-cars-real-gold-and-a-two-tone-finish-that-takes-ten-days/mercedes-maybach-v12-edition-2.jpg",1
"center;"">mercedes-maybach",1
days</h2><div,1
"class=""rws-nl-excerpt"">only",1
lacquered,1
obsidian,1
medallions,1
mark,1
mercedes-maybach&#8217;s,1
unapologetic,1
salute,1
twelve,1
cylinders,1
gummy,1
gifting,1
adorable,1
#wallpaper,1
#creative,1
ğŸ’›ğŸ¥,1
#diydecor,1
#yarncraft,1
#plasticcraft,1
simplify,1
#meeshoapp,1
navratri,1
/turn,1
bears,1
killing,1
external,1
battery...</div>,1
mercedes-maybach,1
"href=""https://www.yankodesign.com/2025/09/25/mercedes-maybach-v12-edition-50-cars-real-gold-and-a-two-tone-finish-that-takes-ten-days/""><img",1
ğŸƒ,1
season,1
vibes,1
#meeshohaul,1
ğŸ’«amazing,1
âœ¨/beautiful,1
ğŸ’–,1
#bestoutofwaste,1
zero,1
effort,1
full,1
desi,1
ğŸ”¥ğŸ’«,1
#goviral,1
#decoracion,1
#new,1
"src=""https://www.yankodesign.com/images/design_news/2025/09/did-haribo-accidentally-make-the-best-power-bank-ever/haribo_mini_power_bank_1.jpg",1
"center;"">did",1
ever??</h2><div,1
"class=""rws-nl-excerpt"">yep",1
i&#8217;m,1
surprised,1
are&#8230,1
apparently,1
company,1
famous,1
reduced,1
ğŸ¦‹,1
#vial,1
eco-friendly,1
ğŸŒ¹,1
ğŸ•¯ï¸,1
smdc,1
#glasswall,1
#minimakeover,1
#vintagestyle,1
mobility,1
always,1
extra,1
mile,1
whether,1
chores,1
adventurous,1
weekend,1
buddies....</div>,1
burleigh,1
ever,1
"href=""https://www.yankodesign.com/2025/09/25/did-haribo-accidentally-make-the-lightest-20000mah-power-bank-ever/""><img",1
in...</div>,1
adventures,1
"href=""https://www.yankodesign.com/2025/09/25/this-all-terrain-ev-is-for-wheelchair-users-who-dont-want-to-miss-out-on-adventures/""><img",1
"src=""https://www.yankodesign.com/images/design_news/2025/09/this-all-terrain-ev-is-for-wheelchair-users-who-dont-want-to-miss-out-on-adventures/exotek-exoquad-v2-electric-vehicle_1.jpg",1
"center;"">this",1
adventures</h2><div,1
"class=""rws-nl-excerpt"">people",1
"src=""https://www.yankodesign.com/images/design_news/2025/09/norton-house/norton_house_yanko_design_01.jpg",1
#livingroom,1
#flipkart,1
#viralvideo,1
vs,1
ideağŸ€#homedecor,1
rustic,1
upcycle,1
hanger,1
challenging,1
sites,1
820,1
examples,1
#glassdivider,1
#theothersideofmakebelieve,1
#kitchenfurniture,1
#smdc,1
#small,1
#first,1
class,1
comfortable,1
sofas,1
life,1
flipkart,1
drive,1
gearheads,1
never...</div>,1
houseâ€™s,1
icon,1
"href=""https://www.yankodesign.com/2025/09/25/a-stream-runs-through-it-the-norton-houses-journey-from-1954-vision-to-modern-icon/""><img",1
detail</h2><div,1
spending,1
fortune,1
we'll,1
âœ¨ğŸ¥¹,1
#property,1
"center;"">a",1
house&#8217;s,1
icon</h2><div,1
compelling,1
emerges,1
brutal,1
reality,1
1994,1
audi,1
avant,1
costs,1
"$80,000+",1
finding,1
clean,1
you're,1
ats,1
inch,1
naifa,1
means,1
hunting,1
unicorns,1
showcase,1
render,1
allure,1
refined,1
serene,1
awaits,1
sanctuary,1
high-end,1
creativityâ€”all,1
19th,1
century,1
madrid,1
multifunctional,1
"class=""rws-nl-excerpt"">adult",1
enthusiasts,1
face,1
"href=""https://www.yankodesign.com/2025/09/25/hot-wheels-finally-builds-the-legends-audis-most-iconic-rs2-and-r8-lms-in-authentic-detail/""><img",1
"height=""853",1
"src=""https://www.yankodesign.com/images/design_news/2025/09/hot-wheels-finally-builds-the-legends-audis-most-iconic-rs2-and-r8-lms-in-authentic-detail/mattel_brick_shop_audi_highres_srgb_mb-6.jpg",1
"center;"">hot",1
audi&#8217;s,1
40sqm/430sqft,1
midea's,1
business,1
australia,1
head,1
https://www.instagram.com/mideaairconditioner_australia/,1
4.9m,1
x,1
3.5m,1
usa,1
functionality,1
tempÃ£o,1
atrÃ¡s,1
christmasdÃ©cor#smallapartmentdecoratingtips#modernchristmasdecorations,1
isn&#39;t,1
#goodthing,1
ultra-thin,1
shoe,1
cabinet,1
apartamento,1
pequeno,1
ou,1
kitnet,1
decoraÃ§Ã£o,1
pod,1
audiâ€™s,1
detail,1
linterior,1
designplan,1
contact,1
years,1
7-second,1
features,1
essas,1
sÃ£o,1
apenas,1
algumas,1
das,1
super,1
dei,1
vÃ­deo,1
maior,1
fiz,1
less,1
tiktok,1
https://tiktok.pxf.io/c/3640720/2227569/27618,1
âœ“amazon,1
products,1
link,1
â­ï¸my,1
inspire,1
explores,1
feeling,1
cramping,1
common,1
challenge,1
fear,1
mcm's,1
designphoto,1
arrives,1
time,1
outdoor,1
increasingly,1
specialized,1
yet,1
adventurers,1
struggle,1
find,1
tools,1
that...</div>,1
stuck,1
25,1
gadgets,1
prices,1
spend,1
"href=""https://www.yankodesign.com/2025/09/25/light-up-every-adventure-with-the-loop-gear-sk05-pro-blue-led-flashlight/""><img",1
"src=""https://www.yankodesign.com/images/design_news/2025/09/light-up-every-adventure-with-the-loop-gear-sk05-pro-blue-led-flashlight/loop_gear_sk05_pro_blue_flat_led_flashlight_hero.jpg",1
"center;"">light",1
flashlight</h2><div,1
hacks,1
build,1
oasis,1
office,1
designing,1
requires,1
strategic,1
timelessly,1
secrets,1
explore,1
#bedroomdesign,1
exploring,1
#3d,1
#spacedesignrenovation,1
27,1
copy,1
irresistible,1
await,1
garlands,1
mini,1
trees,1
twinkle,1
lights,1
viewers,1
room-by-room,1
smallest,1
a...</div>,1
flashlight,1
dull,1
glam,1
finishes,1
glamour,1
neutral,1
foundations,1
doesn't,1
mean,1
compromise,1
shares,1
ğŸ¡,1
harmony,1
havens,1
showcasing,1
transformed,1
"center;"">arzopa&#8217;s",1
"href=""https://www.archdaily.com/tag/built-environment"">built",1
environment</a>,1
conversations,1
"href=""https://www.archdaily.com/tag/sustainability"">sustainability</a>",1
"href=""https://www.archdaily.com/tag/heritage"">heritage</a>",1
highlight,1
expandable,1
title,1
inspirationâ€#shorts#yt,1
shorter,1
option,1
â€œcozy,1
ideasâ€,1
personality,1
especially,1
budget-friendly,1
