source,query,url,created_utc,title,text
youtube,graphic design trends,https://www.youtube.com/watch?v=7sJUCywkrr4,1764165396,How Typeone‚Äôs 10th Issue Defines 21st Century Type Design,Explore how Typeone Magazine's landmark tenth issue captures 25 years of innovation in typography and graphic design.
youtube,graphic design trends,https://www.youtube.com/watch?v=DkD8TJX9L8I,1764164571,‚òïDAY 12/30 Logo design challenge #logodesign #illustrator  #goviral #shorts,DRIPIFY (COLD BREW COFFEE) ‚òï DAY 12/30 Logo design challenge @graphicsbyeman logo design challenge 2025 / logo ...
youtube,graphic design trends,https://www.youtube.com/watch?v=J5h7xrBRr9k,1764163991,Typeone Magazine Issue 10: 25 Years of 21st Century Type Design Evolution,"Discover the highlights of Typeone's tenth issue, a deep dive into 21st century type design from 2000 to now. Explore how type ..."
youtube,graphic design trends,https://www.youtube.com/watch?v=k7bTAxiiyB0,1764163856,25 Years of Type Design: Exploring Typeone‚Äôs 10th Issue &amp; the Future of Typography,Dive into the world of type design with Typeone's landmark 10th issue! This video explores how the industry has evolved over the ...
youtube,graphic design trends,https://www.youtube.com/watch?v=y0GXBtbC6Ik,1764160232,logo design with illustrator #photoshop #coreldraw #graphicdesigntutorial  #logo  #design #adobe,"About Vid: Plg see Krishna speed art vector art, create vector art in adobe fresco, vector art on ipad, how to make vector art, vector ..."
youtube,graphic design trends,https://www.youtube.com/watch?v=2w7xAcQCUCU,1764157146,Exploring 21st Century Type Design: Typeone Magazine Issue 10 Deep Dive,Typography history 21st century Type design evolution Graphic design trends Xiaoyuan Gao Common Sans Olivia King inclusive ...
youtube,graphic design trends,https://www.youtube.com/watch?v=KIHq7qv6mCQ,1764147803,3 Marketing Trends #digitalmarketing #graphicdesign #success #trending #viralshort #strategy #viral,
youtube,graphic design trends,https://www.youtube.com/watch?v=1-ccZkR3TKQ,1764142066,Xu h∆∞·ªõng thi·∫øt k·∫ø bao b√¨ 2026 #hanpum #handesigner #graphicdesign,
youtube,graphic design trends,https://www.youtube.com/watch?v=T-BzE7lj9bs,1764127819,How to Close Lips in Photoshop | Full Tutorial,"Welcome to my Graphic Design world! ‚ú® In this video, you'll learn **latest graphic design trends, Photoshop editing tips, ..."
youtube,graphic design trends,https://www.youtube.com/watch?v=iys4P8A0eNs,1764106217,Puja Committee Logo Design #logo #logodesigner #art #graphicdesign,Puja Committee Logo Design #logo #logodesigner #art #design #graphics #artist Get inspired by the most stunning Kali Puja logo ...
youtube,graphic design trends,https://www.youtube.com/watch?v=ZbznpGreS6E,1764094398,üéØ Designers‚Äô Secret: Best Websites for Inspiration &amp; Trends (2025 Guide) #viralvideo #trending,Designers' Secret: Best Websites for Inspiration & Trends (2025 Guide) #viralvideo #tutorial #trending Unlock the secret tools top ...
youtube,graphic design trends,https://www.youtube.com/watch?v=mi9Aa_0Z3Is,1764086039,PS Tutorial HD 4K | Efecto de Pincel en Piezas Rotas image | Photoshop Editing | CC + BP Drop #ps ,English (EN): Discover the latest video editing and graphic design trends! From new trending glowing effect video editing to ...
youtube,graphic design trends,https://www.youtube.com/watch?v=KEFMftFGCsw,1764079724,21st Century Type Design Trends: Typeone Magazine Issue 10 Review,"Type design, typography, 21st century design trends, graphic design, Typeone magazine. Dive into the evolution of type design ..."
youtube,graphic design trends,https://www.youtube.com/watch?v=lOGpxXNJqgE,1764075701,What Will Graphic Design Look Like in 5 Years,"What Will Graphic Design Look Like in 5 Years what is graphic design, what are graphic design trends, how to think like a graphic ..."
youtube,graphic design trends,https://www.youtube.com/watch?v=HnnS29quYWQ,1764073825,logo design with illustrator #photoshop #coreldraw #graphicdesigntutorial  #logo  #design #adobe,"About Vid: vector art, create vector art in adobe fresco, vector art on ipad, how to make vector art, vector art midjourney, vector art ..."
youtube,graphic design trends,https://www.youtube.com/watch?v=Qve700U7oUo,1764063768,new graphic design trends #graphicdesign,
youtube,graphic design trends,https://www.youtube.com/watch?v=tSmQYPPESxI,1764062645,2026 Designüéâüî•#newyear #graphicdesigner #fyp,"2026 Design Trends are here! ‚ú® Explore modern, clean, and futuristic design styles perfect for graphic designers, posters, ..."
youtube,graphic design trends,https://www.youtube.com/watch?v=IFKsXBRgFWc,1764046832,Logo Design Trends Are Distracting Graphic Designers From Real Problems &amp; Opportunities,"Every year designers obsess over the same recycled ‚ÄúLogo Design Trends‚Äù and every year companies panic, rebrand, and burn ..."
youtube,graphic design trends,https://www.youtube.com/watch?v=eSukwVWd7Jc,1764041301,Fire Text Design Like a Pro | Photoshop Flame Effect Tutorial #shorts#short#photoshop#design#editing,Fire Text Effect  Design Like a Pro | Create Flame Typography in Photoshop | Step by Step Tutorial Welcome to my Graphic ...
youtube,graphic design trends,https://www.youtube.com/watch?v=TBVL9RrzFXE,1764032441,Accessible Futures Designing with Empathy in Generative Graphic Trends,Explore how AI can enhance accessibility in graphic design with practical tips and real-world case studies. This episode provides ...
youtube,graphic design trends,https://www.youtube.com/watch?v=0f0ttG8IQD4,1764030601,Butterfly dress design ideas you‚Äôll love #creativestyle #dressdesign #fashiondesign #gown,Dress design tips for stunning partywear styles/ Discover how to create elegant women partywear/Unleash your creativity with ...
youtube,graphic design trends,https://www.youtube.com/watch?v=vWb0F_qvjJo,1764019811,The Truth behind logo design trends,"Most logo trends exist for one reason‚Ä¶ designers want shortcuts. But shortcuts never build iconic brands. Trends fade, clients ..."
youtube,graphic design trends,https://www.youtube.com/watch?v=53v7i6Qn9VY,1764016156,Going Beyond ridiculous Logo Design Trends,"Logo design trends are the junk food of our industry. Everyone consumes them, nobody admits it, and they leave you creatively ..."
youtube,graphic design trends,https://www.youtube.com/watch?v=cLVTPgRrbHA,1763993189,Dress design ideas that will inspire your creativity,Dress design tips for stunning partywear styles/ Discover how to create elegant women partywear/Unleash your creativity with ...
youtube,graphic design trends,https://www.youtube.com/watch?v=9KerXoXod0k,1763990876,PS Tutorial HD 4K | Consejo para Cambiar Fondo | Photoshop  Editing | CC + BP Drop #ps Netto Doch YT,English (EN): Discover the latest video editing and graphic design trends! From new trending glowing effect video editing to ...
youtube,web design trends,https://www.youtube.com/watch?v=Vplh9COMteo,1764164109,"What‚Äôs New in Digital Marketing: Q4 2025 | SEO, PPC, Web &amp; Design Trends","What's New in Digital Marketing: Q4 2025 | SEO, PPC, Web & Design Trends Stay ahead of the curve with the latest digital ..."
youtube,web design trends,https://www.youtube.com/watch?v=bdBWOQKN-yE,1764111403,Web Design Trends 2026,"This video will cover: ‚úì The latest web design aesthetics of 2026 ‚úì Lofi Pixels, Desktopcore, Kidcore and more ‚úì What AI has to ..."
youtube,web design trends,https://www.youtube.com/watch?v=ZbznpGreS6E,1764094398,üéØ Designers‚Äô Secret: Best Websites for Inspiration &amp; Trends (2025 Guide) #viralvideo #trending,Designers' Secret: Best Websites for Inspiration & Trends (2025 Guide) #viralvideo #tutorial #trending Unlock the secret tools top ...
youtube,web design trends,https://www.youtube.com/watch?v=Sp-Z8rkHM5s,1764068406,UI-UX 2026 designing trends,UI-UX 2026 DESIGN TRENDS | The Future of User Experience & Interface Design Welcome to the ultimate deep dive into the top ...
youtube,web design trends,https://www.youtube.com/watch?v=2iC8-HiFW2E,1764064972,how one web design client changed my life,"I was at my lowest, ready to give up ‚Äî until one client changed everything. This video is your reminder: don't give up."
youtube,web design trends,https://www.youtube.com/watch?v=iuLDAp9QoOI,1764057662,Webdesign Trends 2026 JavaScript Animationen f√ºr gutes UX Design,
youtube,web design trends,https://www.youtube.com/watch?v=ULSJ_qmaJts,1763995452,Easy Website Design Tricks You Need to Try!,"Curious how to design a website from scratch with modern design aesthetics? This video explores current web design trends, ..."
youtube,web design trends,https://www.youtube.com/watch?v=NuC63S9eBNA,1763993999,Easy Website Design Tricks You Need To Try!,"Curious how to design a website from scratch with modern aesthetics? This video explores current web design trends, including ..."
youtube,web design trends,https://www.youtube.com/watch?v=-GU8Z-l9Hds,1763976931,Local Web Design Agency Khardah ‚Äì Xwebdigital Crafting Your Online Success,Local Web Design Agency Khardah ‚Äì Xwebdigital Crafting Your Online Success Xwebdigital is a trusted local web design agency ...
youtube,web design trends,https://www.youtube.com/watch?v=xil4gEnD2_8,1763967661,Light Prism Login UI ‚ú® Stunning Success Popup! #UIUX #WebDesign #LoginForm #Frontend,"Light Prism Login UI with Stunning Success Popup! This UI showcases a next-level prism scatter effect, glassmorphism design, ..."
youtube,web design trends,https://www.youtube.com/watch?v=0i3LvRl632M,1763730677,Modern Professional Website Design 2025 | Ed‚Äôz Tech Solution,"Transform your online presence with Ed'z Tech Solution! Discover the latest website design trends of 2025, fully modern, ..."
youtube,web design trends,https://www.youtube.com/watch?v=KjcIdLmfPmE,1763649019,2025 Web Design Trends You Must See üëÄ,Giveaway: Our 100% FREE plugin makes any site 3X faster - https://airlift.net/?utm_source=youtube&utm_medium=social.
youtube,web design trends,https://www.youtube.com/watch?v=2AsRq_uk7XE,1763642994,#ui ux #  vlog # love # design #webdevelopment #graphicdesign #vlogging #uiuxdesign,ui ux # vlog # love # design #webdevelopment #graphicdesign #vlogging #uiuxdesign #UIDesign #UIDesigner #UXDesign ...
youtube,web design trends,https://www.youtube.com/watch?v=QTJE8nTAAkI,1763639459,2025 Web Design Trends Every Developer Must Know üí°,"Stay ahead in 2025! Here are the Top 3 Web Design Trends every developer, designer, and student must learn: ‚úì AI-Driven ..."
youtube,web design trends,https://www.youtube.com/watch?v=JhTzXuH2Jnk,1763625633,Latest web development trends &amp; tools,"g demos ‚úì Latest web development trends & tools ‚úì Tips to build responsive, modern websites ‚úì Productivity and coding best ..."
youtube,web design trends,https://www.youtube.com/watch?v=ZvytAsIS3G0,1763617175,Latest web development trends &amp; tools,"Latest web development trends & tools ‚úì Tips to build responsive, modern websites ‚úì Productivity and coding best practices ..."
youtube,web design trends,https://www.youtube.com/watch?v=eHZpwEob-Ro,1763579079,Graphic Design Trends to Watch in 2026 (With Examples),"Ready to level up your design game for 2026? In today's video, I'm breaking down the top graphic design trends for 2026 ‚Äî with ..."
youtube,web design trends,https://www.youtube.com/watch?v=FyHk_LwLzsY,1763537414,Web Design for Admin Panel |#frontend #webdesign #shorts,"admin panel design web design,freelance web designer,how to make money building websites,web design business,web design ..."
youtube,web design trends,https://www.youtube.com/watch?v=hjNIHdXgmt4,1763530221,I Tested Figma and Sketch for Website UI Design Here&#39;s What&#39;s BEST,"In this YouTube Short, I compared Figma and Sketch ‚Äì two of the most powerful tools for website UI design ‚Äì to find out which one ..."
youtube,web design trends,https://www.youtube.com/watch?v=tqj4Ji332xc,1763518197,Top 3 Travel Trends You Can&#39;t Ignore in 2025,"Master Sleek Navigation Hover Effects with Pure HTML & CSS! Dive into this beginner-friendly tutorial on creating smooth, ..."
youtube,web design trends,https://www.youtube.com/watch?v=kh3NE4r0MlI,1763514066,Evolving Type and Tiny Motions: A Fresh Take on Design Trends,"This short explores a new episode focusing on generative typography, micro animations, and practical design system tips."
youtube,web design trends,https://www.youtube.com/watch?v=iSUfywJ3fcY,1763474564,How Animation Will Change Web Design Forever,"In this video, we explore the transformative power of animation in web design and how it is set to revolutionize the digital ..."
youtube,web design trends,https://www.youtube.com/watch?v=QnoY-L8igjg,1763453327,Stunning Restaurant Service Page UI Design üî• | Web Design Inspiration | PureBuay #webdevelopment,"A clean and modern Restaurant Service Page Design created for 2025 UI/UX trends. Perfect for restaurants, caf√©s, cloud kitchens, ..."
youtube,web design trends,https://www.youtube.com/watch?v=-NNzIoV77rY,1763380800,Glassmorphism: Recreating the Popular Design Trend in GenerateBlocks,"More than likely, you've seen or interacted with a website or app that utilized the popular glassmorphism effect. It's a UI trend that's ..."
youtube,web design trends,https://www.youtube.com/watch?v=0Lkw3zgWXPc,1763135343,The Top 10 Graphic Design Trends in 2026,"Welcome to your official guide to Graphic Design Trends that are going to stand out in 2026. In this video, I'm reviewing the top 10 ..."
youtube,typography trends,https://www.youtube.com/watch?v=fJ8zFl6bzUY,1764161126,Typeone&#39;s 10th Issue: 21st Century Type Design Evolution,"Type design 21st century, typography trends, Typeone magazine review. Explore the latest edition of Typeone magazine, delving ..."
youtube,typography trends,https://www.youtube.com/watch?v=IplolvGJRsc,1764161050,Typeone #10: Exploring 21st Century Typography &amp; Design Trends,"Dive into Typeone's tenth issue, highlighting the most important type design of the 21st century so far. From interviews with ..."
youtube,typography trends,https://www.youtube.com/watch?v=H_mxRZZmyNY,1764160881,Typeone #10: The Most Influential Type Designs of the 21st Century,"Dive into Typeone's tenth issue, exploring 25 years of groundbreaking type design and typography trends. In this video, we ..."
youtube,typography trends,https://www.youtube.com/watch?v=KEFMftFGCsw,1764079724,21st Century Type Design Trends: Typeone Magazine Issue 10 Review,"Type design, typography, 21st century design trends, graphic design, Typeone magazine. Dive into the evolution of type design ..."
youtube,typography trends,https://www.youtube.com/watch?v=0u0fJYnb6eQ,1764077496,Typeone Magazine Issue 10: Defining 21st Century Type Design Trends,Explore the evolution of type design over the last 25 years with Typeone Magazine's tenth issue. This video delves into how the ...
youtube,typography trends,https://www.youtube.com/watch?v=TBVL9RrzFXE,1764032441,Accessible Futures Designing with Empathy in Generative Graphic Trends,Explore how AI can enhance accessibility in graphic design with practical tips and real-world case studies. This episode provides ...
youtube,typography trends,https://www.youtube.com/watch?v=t9VMmA27QFo,1764010412,How Did Printing Technology Influence Typography?,Ever wondered how the letters we read every day came to look the way they do? This video delves into the fascinating history of ...
youtube,typography trends,https://www.youtube.com/watch?v=LGN0TDQ3B_k,1763992405,Can You Identify Emo Typography Styles?,Think you know your screamo from your scene kid fonts? This video challenges your eye for design and takes you deep into the ...
youtube,typography trends,https://www.youtube.com/watch?v=FIz5NLrEg6Q,1763571095,This Typography Trend Will Be Everywhere In 2026,Use These Type Collage Templates: https://kit.tl/typecollagetemplates üëâ Check The 2026 Trends Report: ...
youtube,typography trends,https://www.youtube.com/watch?v=kh3NE4r0MlI,1763514066,Evolving Type and Tiny Motions: A Fresh Take on Design Trends,"This short explores a new episode focusing on generative typography, micro animations, and practical design system tips."
youtube,typography trends,https://www.youtube.com/watch?v=gRqreqk70UA,1763378791,New Trend: Gradient Typography Poster Design | Step-by-Step Tutorial (Hindi),"Hello Designers! In today's tutorial, we are diving into one of the hottest trends in Modern Graphic Design: the Gradient ..."
youtube,typography trends,https://www.youtube.com/watch?v=ffHaBYQWQX4,1763313487,Top 5 Typography Trends You Can&#39;t Ignore in 2025,"A vibrant, glossy blue 3D capital letter B stands out. Its reflective surface contrasts with a dreamy background of soft yellow and ..."
youtube,typography trends,https://www.youtube.com/watch?v=yJ6tmf-c-xY,1763111447,Classy Fonts!,Classy fonts I am currently loving ü§ç What's your favorite font? Comment below! üëá Looking for the best fonts for designers?
youtube,typography trends,https://www.youtube.com/watch?v=k034y30YFug,1763065419,Handwriting Font Trends,"Handwriting fonts are EXPLODING in 2025 and here's why: authenticity. In a world of AI and automation, hand-lettered typography ..."
youtube,typography trends,https://www.youtube.com/watch?v=XoI8w5k2rQ4,1762954177,2025 ‡§Æ‡•á‡§Ç ‡§ö‡§≤ ‡§∞‡§π‡•á Top Graphic Design Trends üî• | Designer ‡§ú‡§º‡§∞‡•Ç‡§∞ ‡§¶‡•á‡§ñ‡•á‡§Ç! üé® #GraphicDesign2025,"2025 ‡§Æ‡•á‡§Ç Graphic Design ‡§ï‡•Ä ‡§¶‡•Å‡§®‡§ø‡§Ø‡§æ ‡§™‡•Ç‡§∞‡•Ä ‡§§‡§∞‡§π ‡§¨‡§¶‡§≤ ‡§∞‡§π‡•Ä ‡§π‡•à! ‚ú® ‡§®‡§è AI Tools, 3D Elements, Minimal Style ..."
youtube,typography trends,https://www.youtube.com/watch?v=NUfwSlAbGJQ,1762779651,Top 5 UI Design Trends You Can&#39;t Ignore in 2025,"Top 5 UI Design Trends You Can't Ignore in 2025 top 5 design trends you can't ignore in 2025, top 5 machine learning trends in ..."
youtube,typography trends,https://www.youtube.com/watch?v=Zg77tAoI-as,1762682191,Top 5 Digital Marketing and Graphics Design Trends You Can&#39;t Ignore in 2025,"Welcome to my channel! üëã In this video, I'll reveal the Top 5 Digital Marketing and Graphic Design Trends for 2025 that every ..."
youtube,typography trends,https://www.youtube.com/watch?v=IMJcw2JA6dk,1762563632,The Lost Art of Channel Branding from Pixel Banners to Modern Minimalism,"A nostalgic dive into how YouTube channel branding evolved from chunky banner art to sleek modern aesthetics, tying past ..."
youtube,typography trends,https://www.youtube.com/watch?v=ORLtUdliD2I,1762563629,Cutting-Edge Graphic Design Trends 2025 Episode: Tools Tactics and Tales,A visually engaging dive into emerging graphic design trends with practical tips and real-world case studies. Perfect for designers ...
youtube,typography trends,https://www.youtube.com/watch?v=Vjm9PZ-9Mc0,1762410617,comment your name #signature #calligraphy #art #handwriting #ytshorts #drawing #respect #viral,"Unique Signature Ideas, Creative Signature Tips, Signature Design Techniques, Personalized Signatures, Digital Signature ..."
youtube,typography trends,https://www.youtube.com/watch?v=uTwK28J73v8,1762207197,The top 10 logo trends for 2026,"The logo trends for 2026 are loud and clear: In a world full of slick, samey logos, the designs commanding attention feel personal, ..."
youtube,typography trends,https://www.youtube.com/watch?v=u8DGyZQIAVA,1762176499,Typography Secrets That Will Transform Your 2026 Designs,"Welcome to the Future of Typography! In this 2.5-hour live workshop, I'll take you deep into modern typography trends that are ..."
youtube,typography trends,https://www.youtube.com/watch?v=uE5GiBWRdXE,1762171320,Top 9 Graphic Design TRENDS in 2026 | You Can‚Äôt Miss! Explained in Tamil,"2026-la graphic design world romba fast-a evolve aagudhu ! Intha video-la, naan ungalukku top 9 design trends, tools, solluren ..."
youtube,typography trends,https://www.youtube.com/watch?v=mM51YQY84Q0,1762047833,Which Current Design Trends Should Graphic Designers Know? - Graphic Design Nerd,Which Current Design Trends Should Graphic Designers Know? Are you curious about the latest movements in the world of ...
youtube,typography trends,https://www.youtube.com/watch?v=X6figa2r7rY,1761436846,Sonic Data: Designing with Sound in Graphic Trends,This episode explores ambient storytelling through data sonification with practical workflows and a real case study. Learn how ...
