bigram,count
fashion trends,64
2025 |,19
men's fashion,17
sharp dressed,15
dressed gent,15
streetwear 2025,14
fashion trendsÂ®,12
seasonal fashion,11
fashion trend,10
fashion 2025,9
men&#39;s fashion,8
trendsÂ® fashion,8
trends 2025,8
street fashion,8
trends -,7
ever wondered,7
casual shoes,7
gent how,7
asian street,7
street style,7
chinese streetwear,6
| fashion,6
2025 â€”,6
how men's,6
streetwear fashion,6
| trendy,6
sports shoes,6
shoes fashion,6
â€” bold,5
latest fashion,5
men's ,4
men's shoes,4
kolkata |,4
new york,4
breathable casual,4
video i'm,4
fashion week,4
men&#39;s seasonal,4
wondered how,4
trends |,4
outfit ideas,4
men's seasonal,4
stylish black,4
asian streetwear,4
sneakers |,4
global fashion,4
#fashion #fashiontrends,4
board shoes,4
fresh lot,4
social media,4
mens fashion,4
next wave,3
affordable ways,3
fall 2025,3
bold modern,3
style worldwide,3
2025 fashion,3
trendy asian,3
#fashion #shorts,3
fashion #fashiontrends,3
elegant fashion,3
nike men's,3
fashion ,3
western dress,3
new fashion,3
asian fashion,3
2025 #shorts,3
fashion style,3
fabric innovation,3
streetwear clothing,3
adro cotton,3
| streetwear,3
| best,3
fall fashion,3
beautiful new,3
new dress,3
boys track,3
dress design,3
new trends,3
| mens,3
men&#39;s shoes,3
nike men&#39;s,3
| zara,2
zara |,2
lot maal,2
biggest lot,2
| biggest,2
every day,2
autumn looks,2
bold autumn,2
zudio |,2
| zudio,2
puja sale,2
westside puja,2
wear shirt,2
kides wear,2
wear |,2
#shorts ,2
top trends,2
howrah wholesale,2
menswear top,2
vijayawada menswear,2
wholesale market,2
fit jeans,2
market 2025,2
| kolkata,2
| howrah,2
outdoor fashion,2
trend computer,2
computer bag,2
bag student,2
student bag,2
bag 090576-01,2
york fashion,2
men add,2
add new,2
wardrobe affordably,2
converse shai,2
fashion guide,2
fashion evolved,2
evolved throughout,2
throughout history,2
trends hold,2
hold cultural,2
cultural significance,2
fashion inspiration,2
style trends,2
urban street,2
existing wardrobe,2
mens collection,2
collection best,2
best puja,2
puja |,2
| shivang,2
shivang singh,2
sale 2025,2
â‚¹30 wholesale,2
wholesale |,2
shai gilgeous-alexander,2
backpack outdoor,2
shai 001,2
men follow,2
follow every,2
every fashion,2
style confidence,2
men build,2
build confidence,2
clothing if,2
if fashion,2
sports backpack,2
lot â‚¹30,2
london fashion,2
stone island,2
island jackets,2
demon slayer,2
shoes plaid,2
shoes sports,2
trend replica,2
replica casual,2
shoes hq4502-001,2
trends emerge,2
men&#39;s wear,2
wondered why,2
trends actually,2
actually predicted,2
60s men&#39;s,2
fashion forecasting,2
men&#39;s style,2
shaping men's,2
shoes initiator,2
initiator t2,2
t2 sports,2
emerge every,2
best winter,2
sweatshirt |,2
party game,2
gent why,2
fashion become,2
- i&#39;m,2
60s baby,2
60s men's,2
fashion shift,2
50s suits,2
2025 lookbook,2
men outfits,2
outfits fashion,2
climate control,2
stylish hoodie,2
jil sander,2
| #brawlstars,2
chinese fashion,2
best fall,2
fall streetwear,2
streetwear outfit,2
ideas 2025,2
stylish men,2
men's street,2
bold twist,2
explore everyday,2
everyday outfits,2
shoes usa,2
usa 2025,2
stylish gents,2
gents footwear,2
â€” where,2
winter unstitched,2
trend lightweight,2
trendsÂ® #recap,2
#recap #2024replay,2
shirt tshirt,2
tshirt |,2
| fresh,2
lot wholesale,2
wholesale suppliers,2
men's wear,2
innovation changing,2
new fabrics,2
wear fresh,2
2024 fashion,2
lightweight breathable,2
thankyou 2024,2
modern fashion,2
plaid breathable,2
shoes terra,2
terra manta,2
manta board,2
#2024replay #viral_video,2
#viral_video #fyp,2
kurta design,2
london men's,2
practices changing,2
changing men&#39;s,2
changing men's,2
london menâ€™s,2
menâ€™s street,2
| bold,2
innovative materials,2
materials define,2
define current,2
#like #video,2
day discover,2
sustainable practices,2
2025 movement,2
movement â€”,2
bold chinese,2
chinese korean,2
printed hoodies,2
inspire global,2
air jordan,2
jordan 1,2
1 high,2
high brooklyn,2
old fashion,2
light british,2
british tan,2
| luxury,2
luxury meets,2
bear sweater,2
sweater design,2
design 2025,2
| #shorts,2
#shorts #shortvideos,2
2025#outfit #cloth,2
#ytshorts #explore,2
brooklyn light,2
cargo pants,2
summer collection,2
collection |,2
streetwear lovers,2
japanese looks,2
black &,2
& green,2
#fashion #dance,2
brawl pass,2
pass -,2
- new,2
#fashiontrends discover,2
skin streetwear,2
streetwear emz,2
emz -,2
- season,2
season 42,2
42 -,2
- gameplay,2
gameplay 2025,2
#shortvideos #ytshorts,2
#fashiontrends #chinesegirl,2
| global,2
new skin,2
outfit |,2
fashion vlog,2
vlog 2025#outfit,2
winter outfit,2
#cloth #clothing,2
#clothing #fashion,2
shoes sb,2
sb force,2
force 58,2
58 sports,2
sweater army,2
low-top board,2
ios android,2
cotton sweatshirt,2
control protect,2
outfit 2025,2
campus yale,2
yale varsity,2
varsity jacket,2
simone bellotti,2
bootcut jeans,2
every year,2
trend low-top,2
army pria,2
pria kekinian,2
transparent try-on,2
try-on haul,2
vibrant streets,2
latest streetwear,2
best cloth,2
cloth collection,2
top 10,2
10 trending,2
trending sneakers,2
adidas outfit,2
winter |,2
| adro,2
android |,2
unboxing stylish,2
stylish sneakers,2
| trending,2
trending shoes,2
double shark,2
fat bear,2
bear week,2
black adidas,2
og printed,2
winter fashion,2
design latest,2
ladies collection,2
elegant womenâ€™s,2
2025 discover,2
fashion lovers,2
&amp wear,2
style guide,2
ootd inspo,2
#fashiontrends #clothing,2
dashain offer,2
#azadisale #fashiontrends,2
Ø®Ø±ÙŠÙ 2025,2
rachel scott,2
abc news,2
elliott smith,2
post #fashion,2
#women #trends,2
women 50,2
50 60,2
coming back,2
60 70+|,2
#womensfashion #azadisale,2
unstitched wash,2
wash &amp,2
bag sports,2
wear fabric,2
fashion silhouette,2
silhouette changing,2
current trends,2
latest stylish,2
stylish shirts,2
women |,2
high heels,2
autumn/early winter,2
eco-friendly seasonal,2
- glam,2
glam girl&#39;s,2
girl&#39;s closet,2
seasonal clothing,2
wardrobe cheaply,2
wardrobe ,2
ladies kurti,2
fashion king,2
plum olive,2
chocolate brown,2
find eco-friendly,2
fake gods,2
best streetwear,2
streetwear style,2
uniqlo u,2
u fall,2
fall winter,2
winter 2025,2
rashid johnson,2
turkish baths,2
ğŸ”¥ stylish,2
70+| milan,2
sports sneakers,2
| lightweight,2
lightweight casual,2
shoes review,2
2025 ios,2
#fashiontrends uncover,2
stylish boys,2
track suit,2
suit 2025,2
| gym,2
huba dashain,2
green sports,2
milan style,2
style inspirationâ€#clasicstyle,2
inspirationâ€#clasicstyle #oldagefashion,2
leather thigh,2
thigh high,2
womenâ€™s fashion,2
#sale #womensfashion,2
dress designs,2
designs elegant,2
2025 women,2
girls dresses,2
nueva colecciÃ³n,2
dhire dhire,2
dhire bol,2
bol koi,2
koi sunna,2
sunna le,2
le #indiaidol,2
#indiaidol #fashiontrends,2
#fashiontrends #hindisong,2
#hindisong #youtubeshorts,2
#youtubeshorts #reels,2
#shortfeed #ytshorts,2
dresses eastern,2
subscribe button,1
power dressing,1
sander debut,1
| 47%,1
jacket |,1
perfect ,1
hooded sweatshirt,1
cotton hooded,1
2025 stylish,1
building relationships,1
fans aimed,1
new party,1
season 6,1
cityâ€ star,1
lake cityâ€,1
salt lake,1
â€œreal housewives,1
nastiness party,1
rhoslc rumors,1
1960s ,1
transformed during,1
fashion transformed,1
baby how,1
flamboyant -,1
already press,1
haven't already,1
channel if,1
welcome back,1
girlies welcome,1
hey girlies,1
marie hey,1
khalea marie,1
| khalea,1
addition |,1
freshman addition,1
why men's,1
year ever,1
year -,1
protect men's,1
clothing -,1
protect men&#39;s,1
#fashiontrends #ssense,1
#mensfashion #fashiontrends,1
#fashionstyle #mensfashion,1
 #fashionstyle,1
sales ,1
fashion stylish,1
conservative ,1
fashion shifted,1
baby why,1
suits -,1
observations #shorts,1
&amp observations,1
trends &amp,1
proper storage,1
how proper,1
men's trends,1
create men's,1
men&#39;s trends,1
create men&#39;s,1
style ,1
overall style,1
clothing shapes,1
season ,1
predicted curious,1
predicted -,1
fashion changes,1
style ğŸ”¥,1
hq4502-001 buy,1
hq4502-001 nike,1
dv5477-201 ,1
shoes dv5477-201,1
casual nike,1
how clothing,1
men's clothing,1
matter -,1
men&#39;s clothing,1
prompted reflection,1
experience prompted,1
short period,1
multiple encounters,1
while walking,1
#shorts while,1
#video discover,1
#fashion #like,1
suldarğŸ¤ ğŸ˜#viral #fashion,1
shirt style,1
t shirt,1
â€” events,1
futuristic â€”,1
current men&#39;s,1
#fashiontrends ,1
#fashionstyle #fashiontrends,1
#fashionblogger #fashionstyle,1
#shorts #fashionblogger,1
 #fashion,1
men ,1
amazing fashion,1
ğŸ”¥ trending,1
#watch #fashiontrends,1
boughet #watch,1
machenical watch,1
best machenical,1
#fyp thankyou,1
hq1179-001 buy,1
shoes hq1179-001,1
hq1179- nike,1
shoes hq1179-,1
materials shaping,1
latest materials,1
current men's,1
examining modern,1
style examining,1
t-shirt style,1
latest men's,1
gents kurta,1
new gents,1
top new,1
ï¿¼ top,1
sahalwar ï¿¼,1
kamiz sahalwar,1
stylus kamiz,1
fashion stylus,1
cut fashion,1
sut cut,1
boys sut,1
dress boys,1
designing dress,1
ï¿¼new designing,1
03461270131 ï¿¼new,1
whatsapp 03461270131,1
how sustainability,1
kurta ,1
boys kurta,1
 boys,1
video ,1
afghan tailor,1
- afghan,1
clothes -,1
boys clothes,1
designs boys,1
gents designs,1
|| gents,1
design ||,1
| kurta,1
2024 |,1
design 2024,1
live â€”,1
flocking back,1
techies flocking,1
brought techies,1
intelligence boom,1
artificial intelligence,1
robot fight,1
friday night,1
â€˜peak sfâ€™,1
writerâ€™s 250th,1
bath england,1
costumed promenade,1
regency costumed,1
grand regency,1
b.y.o.b bring,1
transforming men's,1
#ÑÑ‚Ğ¸Ğ»ÑŒ Ğ²ÑÑ‚ÑƒĞ¿Ğ°Ğ¹Ñ‚Ğµ,1
#fashion #ÑÑ‚Ğ¸Ğ»ÑŒ,1
#Ğ¼Ğ¾Ğ´Ğ° #fashion,1
Ğ¾Ğ´ĞµĞ¶Ğ´Ğµ #Ğ¼Ğ¾Ğ´Ğ°,1
Ğ² Ğ¾Ğ´ĞµĞ¶Ğ´Ğµ,1
Ğ¿Ğ»ĞµÑ‡Ğ¸ Ğ²,1
Ğ¼ÑƒĞ¶ÑĞºĞ¸Ğµ Ğ¿Ğ»ĞµÑ‡Ğ¸,1
2025 Ğ¼ÑƒĞ¶ÑĞºĞ¸Ğµ,1
Ğ¾ÑĞµĞ½Ğ¸ 2025,1
Ñ‚Ñ€ĞµĞ½Ğ´ Ğ¾ÑĞµĞ½Ğ¸,1
#ootdguide #fashiontrends,1
#fashionstyle #ootdguide,1
#dressootd #fashionstyle,1
pants u,1
5 pants,1
sometimes futuristic,1
trends#dubaifashionn #winter,1
fashion trends#dubaifashionn,1
viral fashion,1
&amp viral,1
footwear &amp,1
ğŸ‘ stylish,1
2025 ğŸ‘,1
menâ€™s shoes,1
Ğ¿Ñ€ĞµĞ´Ğ·Ğ°Ğ¿Ğ¸ÑĞ¸ ,1
Ğ°Ğ½ĞºĞµÑ‚Ğ° Ğ¿Ñ€ĞµĞ´Ğ·Ğ°Ğ¿Ğ¸ÑĞ¸,1
https://course.iconfashion.site/anketa_bayer?utm_source=youtube Ğ°Ğ½ĞºĞµÑ‚Ğ°,1
Ğ±Ğ°Ğ¹ĞµÑ€Ğ¾Ğ² https://course.iconfashion.site/anketa_bayer?utm_source=youtube,1
Ñ‡Ğ°Ñ‚ Ğ±Ğ°Ğ¹ĞµÑ€Ğ¾Ğ²,1
Ğ½Ğ°Ñˆ Ñ‡Ğ°Ñ‚,1
Ğ² Ğ½Ğ°Ñˆ,1
Ğ²ÑÑ‚ÑƒĞ¿Ğ°Ğ¹Ñ‚Ğµ Ğ²,1
birthday party,1
austenâ€™s birthday,1
jane austenâ€™s,1
hip-hop ballet,1
designing costumes,1
elite opens,1
rap elite,1
week plus,1
stole shows,1
favorites stole,1
islandâ€™ favorites,1
â€˜love islandâ€™,1
vivian wilson,1
nyfw vivian,1
german fun,1
unadulterated german,1
top saree,1
| top,1
shirt men's,1
jeans shirt,1
ğŸ”¥ jeans,1
suppliers ğŸ”¥,1
ğŸ¥»| kides,1
topğŸ©±saree ğŸ¥»|,1
| topğŸ©±saree,1
shirt men&#39;s,1
ğŸ‘š shirt,1
ğŸ‘–jeans ğŸ‘š,1
meets modern,1
footwear meets,1
where stylish,1
#winter step,1
itâ€™s worn,1
shown itâ€™s,1
isnâ€™t shown,1
strength isnâ€™t,1
| strength,1
thing |,1
men thing,1
#tankroadmarket #fashiontrends,1
#brandedtrackpants #tankroadmarket,1
#manufacturer #brandedtrackpants,1
haat ,1
daily haat,1
howrah daily,1
suppliers howrah,1
| kides,1
saree |,1
bracelets ,1
powerful bracelets,1
exclusive collection,1
thing's exclusive,1
men thing's,1
âš”ï¸ discover,1
statement âš”ï¸,1
strength isn't,1
collection strength,1
bracelets collection,1
copper bracelets,1
&amp copper,1
titanium &amp,1
| titanium,1
âš”ï¸ |,1
worn âš”ï¸,1
ms klum,1
beer lederhosen,1
free-flowing beer,1
oktoberfest free-flowing,1
klumâ€™s oktoberfest,1
heidi klumâ€™s,1
inside heidi,1
coppolaâ€™s movie,1
sofia coppolaâ€™s,1
made footwear,1
mr blahnik,1
london mr,1
antoinette opens,1
collection men&#39;s,1
shirt collection,1
new shirt,1
h&amp;m #fashion,1
letâ€™s check,1
fabrics shaping,1
modern men's,1
shaping modern,1
how fabric,1
#viral #youtube,1
#youtubeshorts #viral,1
#trending #youtubeshorts,1
#fashiontrends #trending,1
agra #fashion,1
hub agra,1
men&#39;s hub,1
â€œheidi festâ€,1
first â€œheidi,1
klum hosted,1
boughet #fashiontrends,1
straight fit,1
trending straight,1
best trending,1
contact ,1
garments contact,1
pori garments,1
2025 pori,1
ğŸ¤‘ men's,1
2025 ğŸ¤‘,1
ğŸ¤‘ men&#39;s,1
#fashiontrends #fashionideas,1
#tryon #fashiontrends,1
#mensfashion #tryon,1
#streetwearfashion #mensfashion,1
#fashion #streetwearfashion,1
exhibition dedicated,1
fashionable queen,1
love affair,1
blahnikâ€™s love,1
manolo blahnikâ€™s,1
abcâ€™s handling,1
but werenâ€™t,1
said but,1
host said,1
conservative podcasters,1
news stirs,1
kimmel news,1
jimmy kimmel,1
fashion item,1
life-altering fashion,1
#fashiontrends #shorts,1
new t-shirts,1
latest mens,1
#instagood discover,1
#video #instagood,1
#video #video,1
#trending #like,1
#fashion #trending,1
tshirtsğŸ˜ğŸ¤ #viral #fashion,1
new tshirtsğŸ˜ğŸ¤ #viral,1
https://www.instagram.com/like_n_like_showroom_vij #shorts,1
#mensfashion https://www.instagram.com/like_n_like_showroom_vij,1
2025 #mensfashion,1
#mensfashion vijayawada,1
ğŸ”¥ğŸ‘• #mensfashion,1
2025 ğŸ”¥ğŸ‘•,1
marie antoinette,1
fits ,1
indo-western collection,1
meets texture,1
tradition meets,1
when tradition,1
â€“ when,1
glam â€“,1
men trying,1
western wear,1
indo western,1
| indo,1
outfits |,1
mens outfits,1
outfits we've,1
stylish outfits,1
casual wear,1
new company,1
chief executive,1
former chief,1
melanie bender,1
hit-maker strikes,1
brand hit-maker,1
beauty brand,1
highsnobiety wants,1
new editor,1
noah johnson,1
fashion mag,1
how real,1
h&amp;m |,1
| h&amp;m,1
ğŸ”¥ğŸ”¥2025 |,1
sale ğŸ”¥ğŸ”¥2025,1
style meets,1
where style,1
guide â€”,1
menâ€™s fashion,1
ultimate menâ€™s,1
subscribe us,1
#durgapuja ,1
#kolkata #durgapuja,1
singh #kolkata,1
h&m |,1
| h&m,1
singh westside,1
young american,1
t-shirt whatâ€™s,1
dollsâ€™ t-shirt,1
conner ives,1
red white,1
wear red,1
kirk called,1
charlie kirk,1
kirkâ€™s funeral,1
expert ,1
trends expert,1
stay ahead,1
guide stay,1
ultimate fashion,1
thread â€“,1
trends thread,1
#menswear welcome,1
#mensfashion #menswear,1
class #mensfashion,1
meets class,1
men's style,1
confidence ,1
overwhelming how,1
every new,1
following every,1
if following,1
wondering if,1
confidence -,1
â€œhigher goals.â€,1
victory lap,1
drake â€”,1
sneakers â€”,1
001 sneakers,1
signature shoe,1
first signature,1
q&a shai,1
dress code,1
patriotic dress,1
& clay.â€,1
kavalier &,1
amazing adventures,1
â€œthe amazing,1
new season,1
operaâ€™s new,1
metropolitan operaâ€™s,1
celebrities gathered,1
season celebrities,1
2025 season,1
operaâ€™s 2025,1
090576-01 puma,1
men&#39;s bag,1
puma men&#39;s,1
2025 fall,1
men&#39;s 2025,1
trends ,1
why seasonal,1
men -,1
history -,1
incorporate men's,1
cheaply how,1
incorporate men&#39;s,1
without ,1
wardrobe without,1
affordably -,1
090576-01 buy,1
men's bag,1
puma men's,1
charlie kirkâ€™s,1
street stylemenâ€™s,1
2025 urban,1
city style,1
| city,1
men |,1
best street,1
super lightweight,1
fall season,1
wear during,1
favorite pieces,1
2025 cardigans,1
blog 2025,1
style blog,1
cardigans |,1
styling cardigans,1
| styling,1
met operaâ€™s,1
celebrate met,1
celebrities gather,1
belt line,1
sometimes creeping,1
abbreviated sometimes,1
becoming brazenly,1
menâ€™s button-ups,1
shirt menâ€™s,1
menâ€™s shirt,1
shrinking menâ€™s,1
incredible shrinking,1
wearing red,1
pieces reflected,1
matched pieces,1
color red,1
fabric |,1
mens winter,1
furjan mens,1
fashionoutfit ,1
photography fashionoutfit,1
fashionstreet photography,1
men's fashionstreet,1
inspirationlatest men's,1
outfits inspirationlatest,1
trendscity outfits,1
2025streetwear trendscity,1
fashion 2025streetwear,1
stylemen's fashion,1
street stylemen's,1
fashion urban,1
stylemenâ€™s fashion,1
#fashion trend,1
heels #fashion,1
#women&#39;s high,1
|| latest,1
haul ||,1
|| try,1
2025 ||,1
ğŸŒ¸ latest,1
evolving today,1
alikum ,1
â™¡ alikum,1
asslam â™¡,1
fabric asslam,1
gents winter,1
furjan gents,1
| furjan,1
jay duplassâ€™s,1
changed jay,1
moment changed,1
off-script moment,1
expectant mothers,1
unsolicited advice,1
offering unsolicited,1
people offering,1
long line,1
take tylenol,1
pregnant women,1
implored pregnant,1
#shortsfeed #shoes,1
ğŸ‘  #shortsfeed,1
heels ğŸ‘ ,1
trend high,1
eco-friendly choices,1
closet how,1
fashion-forward comfortable,1
 welcome,1
comfort ,1
& comfort,1
style &,1
â€“ step,1
collection â€“,1
shoes collection,1
ladies shoes,1
ultimate ladies,1
#shoes ultimate,1
lucky color,1
week lucky,1
duplassâ€™s life,1
elegant ladies,1
king elegant,1
jaymil |,1
bottomwear collection,1
&amp bottomwear,1
kurti &amp,1
stylish ladies,1
comeback ,1
trends making,1
women's fashion,1
latest women's,1
season curious,1
season -,1
updating ,1
when updating,1
choices when,1
5 ridiculous,1
50 5,1
prime ,1
l83 prime,1
address l83,1
shop address,1
company shop,1
& company,1
jaymil &,1
name jaymil,1
shop name,1
king shop,1
showcase |,1
bottomwear showcase,1
& bottomwear,1
kurti &,1
brown autumn/early,1
&amp chocolate,1
olive &amp,1
#traditionalcloth #fashiontrends,1
#wholesale #traditionalcloth,1
#culturaldress #wholesale,1
solution ,1
shape solution,1
body shape,1
â†’ https://www.missfreddie.com/styling-course,1
system â†’,1
styling system,1
proven styling,1
absolutely avoid,1
autumn fashion,1
ridiculous autumn,1
à¦°à¦¾à¦¤à§‡ #love,1
à¦“à¦¡à¦¼à¦¾à¦“ à¦°à¦¾à¦¤à§‡,1
à¦˜à§à¦¡à¦¼à¦¿ à¦“à¦¡à¦¼à¦¾à¦“,1
à¦¯à¦¤à¦‡ à¦˜à§à¦¡à¦¼à¦¿,1
#onlineshopping #fashion,1
#festivewear #onlineshopping,1
#fashiontrends #festivewear,1
#newsuitdesignforkarwachauth #fashiontrends,1
color ,1
flattering color,1
timeless autumn/early,1
style plum,1
discover how,1
60 discover,1
color combos,1
trends color,1
#fashiontrends #suits,1
#song #fashion,1
#haryanvi #song,1
#newsong #haryanvi,1
#haryanvisong #newsong,1
bhture #haryanvisong,1
chole bhture,1
#song #shortsvideo,1
#love #song,1
#trending #love,1
piyalibayen #trending,1
#song piyalibayen,1
#fashiontrends #song,1
#shortsvideo #fashiontrends,1
#trending #shortsvideo,1
#love #trending,1
| anjali,1
kharkiya |,1
diler kharkiya,1
video diler,1
music video,1
official music,1
à¤­à¤Ÿà¥‚à¤°à¥‡ official,1
à¤›à¥‹à¤²à¥‡ à¤­à¤Ÿà¥‚à¤°à¥‡,1
bhature à¤›à¥‹à¤²à¥‡,1
chole bhature,1
#anjaliraghavâ€‹ chole,1
#dilerkharkiyaâ€‹ #anjaliraghavâ€‹,1
cholebhatureâ€‹ #dilerkharkiyaâ€‹,1
ğŸ¦‹ğŸ¦‹ğŸ¦‹ cholebhatureâ€‹,1
#ytshorts ğŸ¦‹ğŸ¦‹ğŸ¦‹,1
#suits #ytshorts,1
discover weekly,1
ğŸ”¥ discover,1
ig ,1
thoughts follow,1
eye let,1
today's video,1
hi guys,1
fall hi,1
#lifeisbutadream #fashiontrends,1
#kajalthemodel #lifeisbutadream,1
#funny #kajalthemodel,1
#comedy #funny,1
#haryanvi #comedy,1
#love #haryanvi,1
#song #love,1
anjali ,1
order whatsapp,1
dm us,1
order queries,1
#fashiontrends #karwachauth,1
7451043773 #fashiontrends,1
whatsapp 7451043773,1
 order,1
sets available,1
kurti sets,1
karwachauth kurti,1
refreshed weekly,1
bella's ladies,1
stay stylish,1
collection stay,1
bellaâ€™s ladies,1
weekly fashion,1
mothers mr,1
familiar refrain,1
advice strikes,1
pregnancy advice,1
trumpâ€™s pregnancy,1
wouldnâ€™t hesitate,1
proved early,1
smith proved,1
story elliott,1
momentâ€™s notice,1
news rachel,1
political correspondent,1
senior political,1
barbara as,1
santa barbara,1
whatsapp us,1
don't forget,1
â¤ï¸ don't,1
below â¤ï¸,1
comment below,1
2025 ,1
women's dresses,1
elegant women's,1
ideas |,1
dress ideas,1
womenâ€™s dress,1
wear ,1
girls wear,1
hira girls,1
store hira,1
7451043773 visit,1
mr trump,1
wardrobe âœ¨,1
hello fashion,1
ğŸ‘  hello,1
ideas ğŸ‘ ,1
style ideas,1
chic style,1
womenâ€™s chic,1
âœ¨ elegant,1
inspired âœ¨,1
armani inspired,1
giorgio armani,1
ğŸ‘— giorgio,1
outfits ğŸ‘—,1
2025 outfits,1
fall/winter 2025,1
ğŸ”¥ fall/winter,1
ğŸŒ™ 2025,1
style ğŸŒ™,1
60 ,1
trends style,1
must-have fall,1
confidence as,1
winter step,1
ğŸ‘’ style,1
trends ğŸ‘’,1
inspired ,1
ideas inspired,1
timeless outfit,1
20 elegant,1
unveiling 20,1
we're unveiling,1
âœ¨ we're,1
ğŸ¥° round,1
chinese ,1
latest trends,1
channel showcases,1
inspo âœ¨,1
& ootd,1
fashion &,1
daily dose,1
#streetvibes welcome,1
#chiclook #streetvibes,1
#ootd #chiclook,1
inspo #ootd,1
classy ootd,1
| classy,1
evening fashion,1
2025 evening,1
#dress #womensfashion,1
#fashiontrends #dress,1
#aghanoorpakistanisuitsonline #fashiontrends,1
#onlineshopping #aghanoorpakistanisuitsonline,1
#womensnewcollection #womensfashion,1
#am #womensnewcollection,1
collection #am,1
ğŸ‘— collection,1
dresses ğŸ‘—,1
2paice dresses,1
ladies 2paice,1
#womensnewcollection #fashiontrends,1
#onlineshopping #womensnewcollection,1
ğŸ›ï¸ #onlineshopping,1
pair ğŸ›ï¸,1
round pair,1
ma chaÃ®ne,1
Ã  ma,1
vous Ã ,1
abonner vous,1
#feminine abonner,1
#outfitideas #feminine,1
#tendance #outfitideas,1
#fashion #tendance,1
#mode #fashion,1
@kiabi #mode,1
avenueshopping9427 @kiabi,1
24/09/2025 avenueshopping9427,1
femme 24/09/2025,1
vÃªtements femme,1
nouveautÃ© vÃªtements,1
kiabi nouveautÃ©,1
#outfit #style,1
#ootd #outfit,1
#reels #ootd,1
#shorts #reels,1
top #shorts,1
basic top,1
+ basic,1
jeans +,1
#onlineshopping #fashiontrends,1
#fashionstyle #onlineshopping,1
#abayareza #fashionstyle,1
#abayafashion #abayareza,1
#abayaworld #abayafashion,1
#best #abayaworld,1
youtube ,1
chaÃ®ne youtube,1
temporada ğŸ‚ğŸâœ¨,1
esta temporada,1
para esta,1
elegantes para,1
mÃ¡s elegantes,1
tendencias mÃ¡s,1
5 tendencias,1
las 5,1
#fashion #style,1
#fashiontrends #fashion,1
week #fashiontrends,1
fall outfits,1
perfect fall,1
#foryou #foryoupage,1
#fashiontrends #foryou,1
#style #fashion,1
#womensclothing #fashiontrends,1
shop#fashion #womensclothing,1
#my dream,1
#outfitideas #fashiontrends,1
#fashiontips #outfitideas,1
#fashion #fashiontips,1
#fashionideas #fashion,1
stylizacjach #fashionideas,1
jesiennych stylizacjach,1
w jesiennych,1
bÅ‚Ä™dy w,1
3 bÅ‚Ä™dy,1
#modafeminina #style,1
#tendenciasmoda #modafeminina,1
#moda #tendenciasmoda,1
ğŸ‚ğŸâœ¨ #moda,1
#viralvideo #fashion,1
#tendencias #style,1
#fashion #tendencias,1
#estilo #fashion,1
#couture #estilo,1
#moda #couture,1
comparte #moda,1
y comparte,1
inspÃ­rate y,1
ğŸ˜‰ğŸ’– inspÃ­rate,1
esbelta ğŸ˜‰ğŸ’–,1
verÃ¡s esbelta,1
te verÃ¡s,1
el te,1
con el,1
#fashiontrends #saree,1
#ootdguide #womensfashion,1
#fashiontrends #ootdguide,1
#amzonmustbuy #fashiontrends,1
#ootd #amzonmustbuy,1
fashion #ootd,1
amazon fashion,1
ğŸ‚ amazon,1
outfit ğŸ‚,1
fall outfit,1
easy fall,1
#fashionstyle #valentino,1
#fashiontrends #fashionstyle,1
#elegant #fashion,1
#elegance #elegant,1
#shopping #elegance,1
#fashion #shopping,1
stunning irresistible,1
dresses ,1
length dresses,1
full length,1
ribbed full,1
lounge ribbed,1
sleeveless lounge,1
dress sleeveless,1
maxi dress,1
long maxi,1
detail long,1
lace detail,1
square neck,1
women's square,1
qinsen women's,1
#womensfashion qinsen,1
+ ØªÙ†Ø³ÙŠÙ‚Ø§Øª,1
Ø£Ù„ÙˆØ§Ù† +,1
Ø£Ø­Ø¯Ø« Ø£Ù„ÙˆØ§Ù†,1
ğŸ Ø£Ø­Ø¯Ø«,1
2025 ğŸ,1
Ù…ÙˆØ¶Ø© Ø®Ø±ÙŠÙ,1
#fashion #usa,1
#jeans #fashion,1
styles #jeans,1
fashion styles,1
trendy fashion,1
latest trendy,1
| latest,1
ladies |,1
jeans styles,1
irresistible jeans,1
Ø¯Ø§Ø®Ù„Ø© Ø¯Ø§Ø±Ø¬Ø©,1
Ø§Ù„Ù„ÙŠ Ø¯Ø§Ø®Ù„Ø©,1
ÙˆØ§Ù„Ù‚Ø·Ø¹ Ø§Ù„Ù„ÙŠ,1
ÙˆØ§Ù„Ø£Ù„ÙˆØ§Ù† ÙˆØ§Ù„Ù‚Ø·Ø¹,1
Ø§Ù„Ù…ÙˆØ¶Ø© ÙˆØ§Ù„Ø£Ù„ÙˆØ§Ù†,1
ØµÙŠØ­Ø§Øª Ø§Ù„Ù…ÙˆØ¶Ø©,1
Ø¢Ø®Ø± ØµÙŠØ­Ø§Øª,1
ØªØ¹Ø±Ù Ø¢Ø®Ø±,1
Ù…Ø­ØªØ§Ø¬Ø© ØªØ¹Ø±Ù,1
Ø¨Ù†Øª Ù…Ø­ØªØ§Ø¬Ø©,1
ÙˆÙƒÙ„ Ø¨Ù†Øª,1
ÙˆØµÙ„ ÙˆÙƒÙ„,1
2025 ÙˆØµÙ„,1
2025ğŸ¥ Ø®Ø±ÙŠÙ,1
trends 2025ğŸ¥,1
ØªÙ†Ø³ÙŠÙ‚Ø§Øª fall,1
wordplay try,1
groan-inducing wordplay,1
sometimes groan-inducing,1
readers delighted,1
whose readers,1
times whose,1
crossword variation,1
whiz behind,1
main whiz,1
pun-loving puzzle,1
taub creator,1
mel taub,1
ØªØ¨Ø¹Ø¯ÙŠ Ø¹Ù„ÙŠÙ‡Ø§,1
Ø®Ø§ØµÙƒ ØªØ¨Ø¹Ø¯ÙŠ,1
ÙˆØ§Ù„Ù„ÙŠ Ø®Ø§ØµÙƒ,1
Ø¯Ø§Ø±Ø¬Ø© ÙˆØ§Ù„Ù„ÙŠ,1
khabo â¤ï¸â¤ï¸team,1
jo khabo,1
d latest,1
dress d,1
#fashionstyle #women,1
#moda #fashionstyle,1
#fashion #moda,1
allfashionmilano comments,1
#trends allfashionmilano,1
#moda#fashionstyle #women,1
#fashion #moda#fashionstyle,1
@allfashionmilano comments,1
ØªØ¨Ø§Ù†ÙŠ ,1
Ø¨Ø§Ø´ ØªØ¨Ø§Ù†ÙŠ,1
Ø¹Ù„ÙŠÙ‡Ø§ Ø¨Ø§Ø´,1
smith marry,1
2025-2026 season,1
talk trends,1
let's talk,1
lovers let's,1
#2025trends fashion,1
#style #2025trends,1
~ #style,1
2025-2026 fashion,1
shop 2025-2026,1
don&#39;t need,1
#teamsm #lovestatus,1
#youtubecreator #teamsm,1
#fashiontrends #youtubecreator,1
#youtubeshorts #fashiontrends,1
sm #youtubeshorts,1
â¤ï¸â¤ï¸team sm,1
ultimate leather,1
age ,1
old age,1
latest old,1
#oldagefashion discover,1
#oldagefashion elegant,1
â€œelegant fashion,1
luxe ,1
skirts luxe,1
pencil skirts,1
details pencil,1
lace details,1
fabrics lace,1
sheer fabrics,1
shoulders sheer,1
bold shoulders,1
casual chic,1
âœ¨ perfect,1
women âœ¨,1
heel boots,1
high heel,1
style statement,1
ultimate style,1
collection step,1
footwear collection,1
trendy footwear,1
|top trendy,1
trends |top,1
| womenâ€™s,1
lookbook |,1
boots lookbook,1
high boots,1
cut pieces,1
branded cut,1
brandedcutpieces branded,1
centre brandedcutpieces,1
rabi centre,1
firdous rabi,1
khatoonejannat firdous,1
#ethnic khatoonejannat,1
#clothing #ethnic,1
#viral #fashiontrends,1
#traditionalcloth #viral,1
#khatoonejannat #traditionalcloth,1
article #khatoonejannat,1
demanding article,1
looks ,1
chic looks,1
&amp western,1
eastern &amp,1
#fashiontrends #wholesale,1
#fashiontrends #fashiontrends,1
#womensfashion #fashiontrends,1
variety#am #sale,1
fancy variety#am,1
baby fancy,1
new baby,1
bareeze fashion,1
sapphire bareeze,1
fashion sapphire,1
dhanak fashion,1
anwar dhanak,1
bin anwar,1
pieces bin,1
100 words,1
reader-submitted stories,1
featuring reader-submitted,1
miniature featuring,1
modern love,1
pastâ€™ modern,1
taken aback,1
stories â€˜i,1
love stories,1
tiny love,1
messy relationship,1
parentsâ€™ messy,1
gottlieb advises,1
lori gottlieb,1
columnist lori,1
therapist columnist,1
swiss shawl#am,1
ladies swiss,1
#reels ,1
#reels dhire,1
#fashionista #elegantdresses,1
#fashion-trends #fashionista,1
#dressup #fashion-trends,1
clothing #dressup,1
womenâ€™s clothing,1
ladies womenâ€™s,1
official clothes,1
dress ,1
design western,1
eastern dress,1
& western,1
eastern &,1
copyright disclimer,1
#ytshorts copyright,1
analysis#blouse #shortfeed,1
style analysis#blouse,1
disaster style,1
fashion disaster,1
fashion fashion,1
trends fashion,1
#ytshorts fashion,1
now#blouse #shortfeed,1
right now#blouse,1
awful right,1
why womenâ€™s,1
#shoes #wholesale,1
#fashiontrends #shoes,1
shawl#am #sale,1
kyiv step,1
&amp kyiv,1
berlin &amp,1
nyc berlin,1
youâ€™ll see,1
outfits youâ€™ll,1
trendy outfits,1
vibes 2025,1
streetwear vibes,1
summer streetwear,1
fall trends,1
favorite fall,1
current favorite,1
trends videos,1
hi friends,1
section 107,1
ever wise,1
may soon,1
windowless backrooms,1
underground studios,1
korean tattooists,1
south korean,1
years south,1
tattoo artists,1
legalize tattoo,1
korea moves,1
south korea,1
stigma south,1
play â€œdutchman.â€,1
incendiary play,1
barakaâ€™s incendiary,1
bold street,1
ya estÃ¡,1
gods ya,1
de fake,1
colecciÃ³n de,1
la nueva,1
2025 la,1
exclusivo 2025,1
streetwear exclusivo,1
gods |,1
colecciÃ³n fake,1
ğŸ”¥ nueva,1
mixing ,1
i'm mixing,1
turn heads,1
style looks,1
â€˜stay together,1
2025 ğŸ”¥â€,1
killing streetwear,1
â€œwhoâ€™s killing,1
marca tendencia,1
que marca,1
urbano que,1
estilo urbano,1
un estilo,1
y un,1
premium y,1
detalles premium,1
Ãºnicos detalles,1
diseÃ±os Ãºnicos,1
con diseÃ±os,1
aquÃ­ con,1
estÃ¡ aquÃ­,1
6 ft,1
- 6,1
measurements -,1
2025 collection,1
guide reviewing,1
sizing guide,1
haul review,1
2025 haul,1
redefining fashion,1
top celebrities,1
iconic sneakers,1
bold fits,1
who's rocking,1
#celebstreetwear who's,1
#streetwear2025 #celebstreetwear,1
ğŸ”¥â€ #streetwear2025,1
dress shopping,1
wedding dress,1
15-year-old daughter,1
attend when,1
never attend,1
iâ€™ll never,1
wedding iâ€™ll,1
dress rehearsal,1
three hours,1
- 82,1
180lbs -,1
cm 180lbs,1
190 cm,1
- 190,1
3 -,1
ft 3,1
gym &amp,1
&quot;ğŸ”¥ stylish,1
green ,1
eye-catching black,1
review 2025,1
#menstyle stylish,1
2025unboxing #menstyle,1
review 2025unboxing,1
&amp green,1
black &amp,1
82 kg,1
amiri barakaâ€™s,1
artist rashid,1
street clothing,1
stages â€˜dutchmanâ€™,1
johnson stages,1
celebrates tradition,1
2025 celebrates,1
| 2025,1
offer |,1
2025 huba,1
offer 2025,1
track ,1
trendy boys,1
style game,1
#shorts level,1
& streetwear,1
gym &,1
 stylish,1
look&quot #fashion,1
streetwear look&quot,1
&amp streetwear,1
casual streetwear,1
| casual,1
budget |,1
menâ€™s cargo,1
best menâ€™s,1
ğŸ”¥ best,1
#fallfashion2025 #falloutfitideas,1
 #fallfashion2025,1
ootd ,1
 ootd,1
fall ,1
hello fall,1
culture ,1
fuses culture,1
exclusive deals,1
bold twistâ€”bringing,1
tees 2025,1
trendy tees,1
affordable trendy,1
| affordable,1
streetwear summer,1
oversized streetwear,1
â€œğŸ”¥ oversized,1
men's cargo,1
best men's,1
https://amzn.to/4gcrvlw looking,1
open shop,1
double click,1
must-have double,1
amazon must-have,1
| amazon,1
style 2025,1
sarah rappaport,1
asking sarah,1
davies took,1
daniel davies,1
lunch daniel,1
early weeks,1
met while,1
lewis met,1
charles lewis,1
crime aficionado,1
true crime,1
hadley mendelsohn,1
nightmares hadley,1
spooky wedding,1
quickly grew,1
2025 ğŸ‘•âœ¨â€,1
never expected,1
years later,1
friends years,1
close friends,1
became close,1
lovers ,1
â€“ perfect,1
affordable â€“,1
trendy comfy,1
tees trendy,1
oversized tees,1
latest summer,1
#streetwear discover,1
#fashion #streetwear,1
ğŸ‘•âœ¨â€ #fashion,1
driving three,1
ğŸ‘Ÿ |,1
tan ğŸ‘Ÿ,1
#chinesegirl #fashiontrends,1
trends #chinesegirl,1
#chinesegirl uncover,1
following quickly,1
native language,1
wolfgang ruth,1
teaching wolfgang,1
began teaching,1
osorio began,1
juan osorio,1
when juan,1
viral when,1
go viral,1
spanish lessons,1
nadine santoro,1
sight nadine,1
plain sight,1
mate hidden,1
soul mate,1
nemanpourâ€™s laugh,1
jay nemanpourâ€™s,1
recognize jay,1
always recognize,1
standup comedian,1
raye schiller,1
humor raye,1
little humor,1
airjordan #sneakerreview,1
2025 airjordan,1
meets streetwear,1
futuristic 3d,1
#explore presenting,1
3d bear,1
#explore 3d,1
ğŸ»ğŸ”¥ |,1
2025 ğŸ»ğŸ”¥,1
ğŸ˜±&quot;3d bear,1
meets ,1
tan |,1
info air,1
release info,1
+ release,1
#sneakerreview first,1
met online,1
wilson met,1
lena wilson,1
cocok untuk,1
dan cocok,1
dipakai dan,1
nyaman dipakai,1
stylish nyaman,1
desain stylish,1
dengan desain,1
kekinian dengan,1
#shorts sweater,1
keren 2025,1
streetwear keren,1
outfit streetwear,1
| outfit,1
kekinian |,1
ğŸ”¥ sweater,1
3d ,1
i'm styling,1
trendiest fashion,1
must-haves step,1
fashion must-haves,1
tshirt fashion,1
oversized tshirt,1
| oversized,1
haul |,1
2025 transparent,1
4k 2025,1
tampil ,1
streetwear tampil,1
maupun streetwear,1
casual maupun,1
gaya casual,1
untuk gaya,1
streetwear |,1
london streetwear,1
â€œstylish london,1
theo.movez09@gmail.com ,1
collaborations theo.movez09@gmail.com,1
spreadsheet https://beacons.ai/theo.movez,1
free spreadsheet,1
+ free,1
vendors +,1
trusted vendors,1
2025 trusted,1
clothing sellers,1
dhgate clothing,1
best dhgate,1
oversized ,1
popular oversized,1
2025 ğŸ‚,1
september 2025,1
outfits september,1
autumn outfits,1
stockholm autumn,1
bold ,1
streetwear trends,1
model showcasing,1
uk model,1
chic uk,1
us as,1
join us,1
2025 join,1
inspiration 2025,1
uk fashion,1
| uk,1
stockholm street,1
makes stockholm,1
style ever,1
effortless style,1
stockholm's effortless,1
behind stockholm's,1
secret behind,1
street styl,1
refined street,1
&amp refined,1
luxury &amp,1
quiet luxury,1
| quiet,1
elegance |,1
scandinavian elegance,1
ğŸ‚ scandinavian,1
gender bending,1
subway surf,1
15-year-old son,1
didnâ€™t understand,1
nazario didnâ€™t,1
norma nazario,1
blame norma,1
subway surfing,1
died subway,1
nazario died,1
zackery nazario,1
anyone vote,1
lets anyone,1
competition lets,1
next-level streetwear,1
| next-level,1
shocks r4,1
nike shocks,1
kinetic fluent,1
gel kinetic,1
as6 gel,1
hype watch,1
countdown hype,1
shorts countdown,1
#shorts shorts,1
collection you've,1
originality rainmaind,1
style comfort,1
perfect mix,1
2025 looking,1
jewish traditions,1
bending jewish,1
world's attention,1
#chinesegirl asian,1
trends #fashiontrends,1
chinese style,1
| chinese,1
designs perfect,1
unique designs,1
comfort quality,1
combine comfort,1
latest og,1
#printedhoodies discover,1
2025#oghoodies #printedhoodies,1
fashion 2025#oghoodies,1
trendy streetwear,1
hoodies |,1
r4 ,1
#trendingshoes #casualshoes,1
#shoeunboxing #trendingshoes,1
#sneakers #shoeunboxing,1
2025ğŸ˜˜ #sneakers,1
shoes 2025ğŸ˜˜,1
#cargopants #streetwear,1
#mensfashion #cargopants,1
#menstrousers #mensfashion,1
#03205623000 #menstrousers,1
2025 #03205623000,1
trousers 2025,1
menâ€™s trousers,1
arrival menâ€™s,1
new arrival,1
tokyo ,1
seoul tokyo,1
designer hoodie,1
pay Â£200,1
http://bit.ly/46bfzhk would,1
2025 http://bit.ly/46bfzhk,1
premium streetwear,1
| premium,1
ğŸ‘€ğŸ”¥ |,1
Â£50 ğŸ‘€ğŸ”¥,1
â€œluxury hoodie,1
perfect sneakers,1
sports looking,1
& sports,1
casual &,1
best footwear,1
shoes 2025,1
#casualshoes unboxing,1
shark zipped,1
bape double,1
#bape unboxing,1
zippedâš¡ #bape,1
hood zippedâš¡,1
shark hood,1
| double,1
ninjahype |,1
2025 ninjahype,1
hoodie drop,1
bape hoodie,1
cleanest bape,1
premium ,1
+ premium,1
fabric +,1
luxury fabric,1
alaskaâ€™s katmai,1
voting begins,1
week voting,1
substantial amount,1
elder sons,1
son anticipating,1
youngest son,1
considering leaving,1
different amounts,1
sons different,1
3 sons,1
streetwear drops,1
boldest streetwear,1
ninjahype.co â€“,1
gray hoodie,1
zipped gray,1
#sweatpants #streetwear,1
#cargo #sweatpants,1
#stoloclothingco #cargo,1
sweats #stoloclothingco,1
cargo sweats,1
starchild cargo,1
co starchild,1
clothing co,1
stolo clothing,1
#outfitideas#song check,1
#dance #outfitideas#song,1
#dance stylish,1
drops ,1
popular competition,1
national park,1
katmai national,1
demna makes,1
logos demna,1
sequins logos,1
gwyneth sequins,1
demi gwyneth,1
demna demi,1
premieres directed,1
gucci premieres,1
new gucci,1
â€œdating down.â€,1
meaner terms,1
even meaner,1
new even,1
coined new,1
media users,1
#streetwear #2025,1
short showcases,1
seoul new,1
tokyo seoul,1
#fashiontrends experience,1
inspiration #fashiontrends,1
streetwear inspiration,1
viral streetwear,1
| viral,1
#mensstyle #ootd,1
#cargopants #mensstyle,1
#streetwear #cargopants,1
#ãƒãƒ£ã‚¤ãƒŠç¾å¥³ #fashiontrends,1
trends #ãƒãƒ£ã‚¤ãƒŠç¾å¥³,1
#brawlstars ,1
#brawlstars brawl,1
movie fashion,1
| men&#39;s,1
clothing pickups,1
recent streetwear,1
channel ,1
yt channel,1
live yt,1
twitch live,1
https://discord.gg/vzhck3wn twitch,1
discord https://discord.gg/vzhck3wn,1
https://www.instagram.com/im.likoo discord,1
ig https://www.instagram.com/im.likoo,1
1967 ig,1
count 1967,1
subscriber count,1
2025 subscriber,1
lookbook best,1
2025 trends,1
clothing ,1
showing y'all,1
i'm showing,1
we're finally,1
but we're,1
overdue but,1
long overdue,1
streetwear haul,1
brands &amp,1
clothing brands,1
haul clothing,1
fashion haul,1
women&#39;s fashion,1
&amp women&#39;s,1
men&#39;s &amp,1
getting meaner,1
media terms,1
gaps social,1
intelligence gaps,1
â€˜shrekkingâ€™ intelligence,1
notable forms,1
took notable,1
& tulle,1
pleats &,1
plaids pleats,1
runway plaids,1
week style,1
relationships rather,1
streetwear culture,1
latest developments,1
trends discover,1
â€” but,1
season â€”,1
every season,1
polartec stone,1
vs polartec,1
membrana vs,1
vs membrana,1
reps vs,1
crinkle reps,1
| crinkle,1
autumn 2025,1
best stone,1
emerging ,1
fashion highlighting,1
culture as,1
meaner social,1
natural beauty,1
enhancing natural,1
makeup 2025,1
**bridal makeup,1
âœ¨ **bridal,1
 âœ¨,1
#sneakers2025 ,1
#tonysneakers #sneakers2025,1
#shoes #tonysneakers,1
#streetwear #shoes,1
ğŸ”„ğŸ‘Ÿ #streetwear,1
comeback ğŸ”„ğŸ‘Ÿ,1
strong comeback,1
sneakers making,1
retro sneakers,1
i'm breaking,1
#anime #animam,1
#shorts #anime,1
anime streetwear,1
| anime,1
ğŸ‘• |,1
fits ğŸ‘•,1
slayer fits,1
piece demon,1
#streetwear #2025trending,1
#summeroutfits #streetwear,1
#ootd #summeroutfits,1
#dress #ootd,1
women #dress,1
canvas ,1
bride's face,1
modern artistry.**,1
cnfans âœ…,1
100kg cnfans,1
haul 100kg,1
slayer naruto,1
t-shirts inspired,1
anime t-shirts,1
oversized anime,1
brand oversized,1
streetwear brand,1
x streetwear,1
anime x,1
ultimate anime,1
animan â€“,1
discover animan,1
#naruto discover,1
#animam #naruto,1
contact 9569909437,1
#jeans contact,1
#bellbottom #jeans,1
#bootcutpants #bellbottom,1
#bootcutjeans #bootcutpants,1
| #bootcutjeans,1
trendy 2025,1
denim |,1
vintage denim,1
| vintage,1
jeans |,1
menâ€™s bootcut,1
#cnfanshaul #streetwear,1
#moda #cnfanshaul,1
#cnfans #moda,1
âœ… #cnfans,1
talks rhoslc,1
marks talks,1
meredith marks,1
quickly engaged,1
trendy ,1
jeans trendy,1
men's jeans,1
vintage men's,1
fashion vintage,1
men streetwear,1
classic fit,1
denim classic,1
bootcut denim,1
jeans bootcut,1
men's bootcut,1
9569909437 men's,1
debut simone,1
school shein,1
good texture,1
3d silicone,1
factory 3d,1
t-shirt factory,1
streetwear t-shirt,1
streetwear ,1
modern streetwear,1
meet modern,1
vibes meet,1
varsity vibes,1
classic varsity,1
jacket classic,1
halloween sale,1
| halloween,1
college freshman,1
ğŸ“šğŸ€ college,1
2025 ğŸ“šğŸ€,1
haul 2025,1
shein haul,1
figures quickly,1
political figures,1
episode political,1
violent episode,1
shooting information,1
dallas shooting,1
jon favreau,1
vance spars,1
jd vance,1
convincing debut,1
bellotti makes,1
